<?xml version="1.0" encoding="UTF-8"?>
<targetTypes>
	<targetType>
		<id>sys-sys-power8</id>
		<parent>base</parent>
		<attribute>
			<id>CLASS</id>
			<default>SYS</default>
		</attribute>
		<attribute>
			<id>TYPE</id>
			<default>SYS</default>
		</attribute>
		<attribute>
			<id>CDM_POLICIES_BITMASK</id>
			<default></default>
		</attribute>
		<attribute>
			<id>ALL_MCS_IN_INTERLEAVING_GROUP</id>
			<default></default>
		</attribute>
		<attribute>
			<id>MSS_INTERLEAVE_ENABLE</id>
			<default></default>
		</attribute>
		<attribute>
			<id>MODEL</id>
			<default>POWER8</default>
		</attribute>
		<attribute>
			<id>ENTITY_ID</id>
			<default>SYSTEM_BOARD,OS,BIOS,POWER_UNIT,SYSTEM_CHASSIS</default>
		</attribute>		
		<attribute>
			<id>EXECUTION_PLATFORM</id>
			<default>1</default>
		</attribute>
		<attribute>
			<id>SYSTEM_NAME</id>
		</attribute>
		<attribute>
			<id>FREQ_PROC_REFCLOCK</id>
			<default>133</default>
		</attribute>
		<attribute>
			<id>FREQ_PROC_REFCLOCK_KHZ</id>
			<default>133333</default>
		</attribute>
		<attribute>
			<id>FREQ_MEM_REFCLOCK</id>
			<default>133</default>
		</attribute>
		<attribute>
			<id>BOOT_FREQ_MHZ</id>
			<default>2400</default>
		</attribute>
		<attribute>
			<id>FREQ_A</id>
			<default>6400</default>
		</attribute>
		<attribute>
			<id>FREQ_PB</id>
			<default>2400</default>
		</attribute>
		<attribute>
			<id>NEST_FREQ_MHZ</id>
			<default>2400</default>
		</attribute>
		<attribute>
			<id>FREQ_PCIE</id>
			<default>1000</default>
		</attribute>
		<attribute>
			<id>FREQ_X</id>
			<default>4800</default>
		</attribute>
		<attribute>
			<id>MSS_MBA_ADDR_INTERLEAVE_BIT</id>
			<default>24</default>
		</attribute>
		<attribute>
			<id>MSS_MBA_CACHELINE_INTERLEAVE_MODE</id>
			<default>1</default>
		</attribute>
		<attribute>
			<id>PROC_EPS_TABLE_TYPE</id>
			<default>2</default>
		</attribute>
		<attribute>
			<id>PROC_FABRIC_PUMP_MODE</id>
			<default>1</default>
		</attribute>
		<attribute>
			<id>PROC_X_BUS_WIDTH</id>
			<default>2</default>
		</attribute>
		<attribute>
			<id>X_EREPAIR_THRESHOLD_FIELD</id>
			<default>1</default>
		</attribute>
		<attribute>
			<id>A_EREPAIR_THRESHOLD_FIELD</id>
			<default>1</default>
		</attribute>
		<attribute>
			<id>DMI_EREPAIR_THRESHOLD_FIELD</id>
			<default>1</default>
		</attribute>
		<attribute>
			<id>X_EREPAIR_THRESHOLD_MNFG</id>
			<default>0</default>
		</attribute>
		<attribute>
			<id>A_EREPAIR_THRESHOLD_MNFG</id>
			<default>0</default>
		</attribute>
		<attribute>
			<id>DMI_EREPAIR_THRESHOLD_MNFG</id>
			<default>0</default>
		</attribute>
		<attribute>
			<id>MRW_SAFEMODE_MEM_THROTTLE_NUMERATOR_PER_MBA</id>
			<default>96</default>
		</attribute>
		<attribute>
			<id>MRW_SAFEMODE_MEM_THROTTLE_NUMERATOR_PER_CHIP</id>
			<default>32</default>
		</attribute>
		<attribute>
			<id>MRW_THERMAL_MEMORY_POWER_LIMIT</id>
			<default>5000</default>
		</attribute>
		<attribute>
			<id>MSS_MBA_ADDR_INTERLEAVE_BIT</id>
			<default>24</default>
		</attribute>
		<attribute>
			<id>MSS_MBA_CACHELINE_INTERLEAVE_MODE</id>
			<default>1</default>
		</attribute>
		<attribute>
			<id>PM_EXTERNAL_VRM_STEPSIZE</id>
			<default></default>
		</attribute>
		<attribute>
			<id>PM_EXTERNAL_VRM_STEPDELAY</id>
			<default></default>
		</attribute>
		<attribute>
			<id>PM_SPIVID_FREQUENCY</id>
			<default></default>
		</attribute>
		<attribute>
			<id>PM_SAFE_FREQUENCY</id>
			<default>2400</default>
		</attribute>
		<attribute>
			<id>PM_RESONANT_CLOCK_FULL_CLOCK_SECTOR_BUFFER_FREQUENCY</id>
			<default></default>
		</attribute>
		<attribute>
			<id>PM_RESONANT_CLOCK_LOW_BAND_LOWER_FREQUENCY</id>
			<default></default>
		</attribute>
		<attribute>
			<id>PM_RESONANT_CLOCK_LOW_BAND_UPPER_FREQUENCY</id>
			<default></default>
		</attribute>
		<attribute>
			<id>PM_RESONANT_CLOCK_HIGH_BAND_LOWER_FREQUENCY</id>
			<default></default>
		</attribute>
		<attribute>
			<id>PM_RESONANT_CLOCK_HIGH_BAND_UPPER_FREQUENCY</id>
			<default></default>
		</attribute>
		<attribute>
			<id>PM_SPIPSS_FREQUENCY</id>
			<default></default>
		</attribute>
		<attribute>
			<id>PROC_R_LOADLINE_VDD</id>
			<default></default>
		</attribute>
		<attribute>
			<id>PROC_R_DISTLOSS_VDD</id>
			<default></default>
		</attribute>
		<attribute>
			<id>PROC_VRM_VOFFSET_VDD</id>
			<default></default>
		</attribute>
		<attribute>
			<id>PROC_R_LOADLINE_VCS</id>
			<default></default>
		</attribute>
		<attribute>
			<id>PROC_R_DISTLOSS_VCS</id>
			<default></default>
		</attribute>
		<attribute>
			<id>PROC_VRM_VOFFSET_VCS</id>
			<default></default>
		</attribute>
		<attribute>
			<id>MEM_MIRROR_PLACEMENT_POLICY</id>
			<default>0</default>
		</attribute>
		<attribute>
			<id>MRW_DIMM_POWER_CURVE_PERCENT_UPLIFT</id>
			<default>0</default>
		</attribute>
		<attribute>
			<id>MRW_DIMM_POWER_CURVE_PERCENT_UPLIFT_IDLE</id>
			<default>0</default>
		</attribute>
		<attribute>
			<id>MRW_MEM_THROTTLE_DENOMINATOR</id>
			<default>512</default>
		</attribute>
		<attribute>
			<id>MRW_MAX_DRAM_DATABUS_UTIL</id>
			<default>5625</default>
		</attribute>
		<attribute>
			<id>MRW_CDIMM_MASTER_I2C_TEMP_SENSOR_ENABLE</id>
			<default></default>
		</attribute>
		<attribute>
			<id>MRW_CDIMM_SPARE_I2C_TEMP_SENSOR_ENABLE</id>
			<default></default>
		</attribute>
		<attribute>
			<id>PM_SYSTEM_IVRMS_ENABLED</id>
			<default></default>
		</attribute>
		<attribute>
			<id>PM_SYSTEM_IVRM_VPD_MIN_LEVEL</id>
			<default></default>
		</attribute>
		<attribute>
			<id>MRW_ENHANCED_GROUPING_NO_MIRRORING</id>
			<default>true</default>
		</attribute>
		<attribute>
			<id>MRW_STRICT_MBA_PLUG_RULE_CHECKING</id>
			<default>true</default>
		</attribute>
		<attribute>
			<id>MNFG_DMI_MIN_EYE_WIDTH</id>
			<default></default>
		</attribute>
		<attribute>
			<id>MNFG_DMI_MIN_EYE_HEIGHT</id>
			<default></default>
		</attribute>
		<attribute>
			<id>MNFG_ABUS_MIN_EYE_WIDTH</id>
			<default></default>
		</attribute>
		<attribute>
			<id>MNFG_ABUS_MIN_EYE_HEIGHT</id>
			<default></default>
		</attribute>
		<attribute>
			<id>MNFG_XBUS_MIN_EYE_WIDTH</id>
			<default></default>
		</attribute>
		<attribute>
			<id>REDUNDANT_CLOCKS</id>
			<default></default>
		</attribute>
		<attribute>
			<id>MSS_DRAMINIT_RESET_DISABLE</id>
			<default>0</default>
		</attribute>
		<attribute>
			<id>MRW_MBA_CACHELINE_INTERLEAVE_MODE_CONTROL</id>
			<default>2</default>
		</attribute>
		<attribute>
			<id>NOMINAL_FREQ_MHZ</id>
			<default>3000</default>
		</attribute>
		<attribute>
			<id>MIN_FREQ_MHZ</id>
			<default>1400</default>
		</attribute>
		<attribute>
			<id>FREQ_CORE_MAX</id>
			<default>4000</default>
		</attribute>
		<!-- End System Attributes from MRW -->
		<!-- _hb attributes -->
		<attribute>
			<id>ADC_CHANNEL_FUNC_IDS</id>
			<default>1,2,3,9,5,18,19,16,21,20,24,13,14,23,4,0</default>
		</attribute>
		<attribute>
			<id>ADC_CHANNEL_GNDS</id>
			<default>8,8,8,8,8,8,8,8,0,8,8,8,8,8,8,8</default>
		</attribute>
		<attribute>
			<id>ADC_CHANNEL_GAINS</id>
			<default>27397,27397,27397,27397,27397,27397,27397,27397,1000,6494,27397,27397,27397,27397,27397,1000
			</default>
		</attribute>
		<attribute>
			<id>ADC_CHANNEL_OFFSETS</id>
			<default>0,0,0,0,0,0,0,0,0,0,0,0,0,0,0,0</default>
		</attribute>
		<attribute>
			<id>APSS_GPIO_PORT_MODES</id>
			<default>0x0,0x3</default>
		</attribute>
		<attribute>
			<id>APSS_GPIO_PORT_PINS</id>
			<default>1,2,3,4,5,0,0,0,9,10,0,0,0,0,0,0</default>
		</attribute>
		<!-- DIMMs -->
		<attribute>
			<id>OPEN_POWER_DIMM_THROTTLE_TEMP_DEG_C</id>
			<default>79</default>
		</attribute>
		<attribute>
			<id>OPEN_POWER_DIMM_ERROR_TEMP_DEG_C</id>
			<default>96</default>
		</attribute>
		<attribute>
			<id>OPEN_POWER_DIMM_READ_TIMEOUT_SEC</id>
			<default>30</default>
		</attribute>

		<!-- MEMCTRL -->
		<attribute>
			<id>OPEN_POWER_MEMCTRL_THROTTLE_TEMP_DEG_C</id>
			<default>89</default>
		</attribute>
		<attribute>
			<id>OPEN_POWER_MEMCTRL_ERROR_TEMP_DEG_C</id>
			<default>99</default>
		</attribute>
		<attribute>
			<id>OPEN_POWER_MEMCTRL_READ_TIMEOUT_SEC</id>
			<default>30</default>
		</attribute>

		<!-- PROC -->
		<attribute>
			<id>OPEN_POWER_PROC_ERROR_TEMP_DEG_C</id>
			<default>95</default>
		</attribute>
		<attribute>
			<id>OPEN_POWER_PROC_DVFS_TEMP_DEG_C</id>
			<default>85</default>
		</attribute>
		<attribute>
			<id>OPEN_POWER_PROC_READ_TIMEOUT_SEC</id>
			<default>5</default>
		</attribute>

		<!-- N power capping -->
		<attribute>
			<id>OPEN_POWER_N_BULK_POWER_LIMIT_WATTS</id>
			<default>1200</default>
		</attribute>
		<attribute>
			<id>OPEN_POWER_N_MAX_MEM_POWER_WATTS</id>
			<default>500</default>
		</attribute>
		<!-- N+1 power capping -->
		<attribute>
			<id>OPEN_POWER_N_PLUS_ONE_BULK_POWER_LIMIT_WATTS</id>
			<default>2400</default>
		</attribute>
		<attribute>
			<id>OPEN_POWER_N_PLUS_ONE_MAX_MEM_POWER_WATTS</id>
			<default>500</default>
		</attribute>

		<attribute>
			<id>OPEN_POWER_MIN_MEM_UTILIZATION_THROTTLING</id>
			<default>5</default>
		</attribute>
		<attribute>
			<id>OPEN_POWER_REGULATOR_EFFICIENCY_FACTOR</id>
			<default>0.85</default>
		</attribute>
		<attribute>
			<id>OPEN_POWER_MIN_POWER_CAP_WATTS</id>
			<default>1100</default>
		</attribute>
		<attribute>
			<id>OPEN_POWER_TURBO_MODE_SUPPORTED</id>
			<default>1</default>
		</attribute>
		<attribute>
			<id>SP_FUNCTIONS</id>
			<default>
				<field>
					<id>baseServices</id>
					<value>0</value>
				</field>
				<field>
					<id>fsiSlaveInit</id>
					<value>0</value>
				</field>
				<field>
					<id>mailboxEnabled</id>
					<value>0</value>
				</field>
				<field>
					<id>fsiMasterInit</id>
					<value>0</value>
				</field>
				<field>
					<id>hardwareChangeDetection</id>
					<value>0</value>
				</field>
				<field>
					<id>powerLineDisturbance</id>
					<value>0</value>
				</field>
				<field>
					<id>reserved</id>
					<value>0</value>
				</field>
			</default>
		</attribute>
		<attribute>
			<id>HB_SETTINGS</id>
			<default>
				<field>
					<id>traceContinuous</id>
					<value>0</value>
				</field>
				<field>
					<id>traceScanDebug</id>
					<value>0</value>
				</field>
				<field>
					<id>reserved</id>
					<value>0</value>
				</field>
			</default>
		</attribute>
		<attribute>
			<id>PAYLOAD_KIND</id>
			<default>SAPPHIRE</default>
		</attribute>
		<attribute>
			<id>PAYLOAD_BASE</id>
			<default>0</default>
		</attribute>
		<attribute>
			<id>PAYLOAD_ENTRY</id>
			<default>0x10</default>
		</attribute>
		<attribute>
			<id>MAX_PROC_CHIPS_PER_NODE</id>
			<default>1</default>
		</attribute>
		<attribute>
			<id>MAX_EXS_PER_PROC_CHIP</id>
			<default>12</default>
		</attribute>
		<attribute>
			<id>MAX_MBAS_PER_MEMBUF_CHIP</id>
			<default>2</default>
		</attribute>
		<attribute>
			<id>MAX_MBA_PORTS_PER_MBA</id>
			<default>2</default>
		</attribute>
		<attribute>
			<id>MAX_DIMMS_PER_MBA_PORT</id>
			<default>2</default>
		</attribute>
		<attribute>
			<id>MAX_CHIPLETS_PER_PROC</id>
			<default>32</default>
		</attribute>
		<attribute>
			<id>MAX_MCS_PER_SYSTEM</id>
			<default>8</default>
		</attribute>
		<attribute>
			<id>FABRIC_TO_PHYSICAL_NODE_MAP</id>
			<default>0,255,255,255,255,255,255,255</default>
		</attribute>
		<attribute>
			<id>IPMI_SENSORS</id>
			<default>0x0700,0x07,0x0800,0x04,0x0900,0x05,0x0a00,0x08,0x0b00,0x09,0x0c00,0x06,0x0d00,0x00,0x0e00,0xFF,0x0F00,0xFF,0xFFFF,0xFF,0xFFFF,0xFF,0xFFFF,0xFF,0xFFFF,0xFF,0xFFFF,0xFF,0xFFFF,0xFF,0xFFFF,0xFF
			</default>
		</attribute>
	</targetType>
	<targetType>
		<id>enc-node-power8</id>
		<parent_type>sys-sys-power8</parent_type>
		<parent>base</parent>
		<attribute>
			<id>CLASS</id>
			<default>ENC</default>
		</attribute>
		<attribute>
			<id>TYPE</id>
			<default>NODE</default>
		</attribute>
		<attribute>
			<id>MODEL</id>
			<default>POWER8</default>
		</attribute>
	</targetType>

	<targetType>
		<id>base</id>
		<attribute>
			<id>CLASS</id>
		</attribute>
		<attribute>
			<id>TYPE</id>
		</attribute>
		<attribute>
			<id>MRW_TYPE</id>
			<default>NA</default>
		</attribute>
		<attribute>
			<id>MODEL</id>
		</attribute>
	</targetType>
	<targetType>
		<id>chip</id>
		<parent>base</parent>
		<attribute>
			<id>CLASS</id>
			<default>CHIP</default>
		</attribute>
		<attribute>
			<id>POSITION</id>
		</attribute>
		<attribute>
			<id>LOCATION_CODE</id>
		</attribute>
		<attribute>
			<id>CHIP_ID</id>
		</attribute>
		<attribute>
			<id>FRU_ID</id>
			<default>0</default>
		</attribute>
		<attribute>
			<id>MRU_ID</id>
			<default>0</default>
		</attribute>
	</targetType>
	<targetType>
		<id>card</id>
		<parent>base</parent>
		<attribute>
			<id>CLASS</id>
			<default>CARD</default>
		</attribute>
		<attribute>
			<id>POSITION</id>
		</attribute>
		<attribute>
			<id>LOCATION_CODE</id>
		</attribute>
		<attribute>
			<id>TYPE</id>
			<default>NA</default>
		</attribute>
	</targetType>
	<targetType>
		<id>connector</id>
		<parent>base</parent>
		<attribute>
			<id>CLASS</id>
			<default>CONNECTOR</default>
		</attribute>
		<attribute>
			<id>POSITION</id>
		</attribute>
		<attribute>
			<id>LOCATION_CODE</id>
		</attribute>
		<attribute>
			<id>TYPE</id>
			<default>NA</default>
		</attribute>
	</targetType>
	<targetType>
		<id>unit</id>
		<parent>base</parent>
		<attribute>
			<id>CLASS</id>
			<default>UNIT</default>
		</attribute>
		<attribute>
			<id>CHIP_UNIT</id>
			<default>0</default>
		</attribute>
		<attribute>
			<id>BUS_TYPE</id>
			<default>NA</default>
		</attribute>	
	</targetType>
	<!-- Cards -->

	<targetType>
		<id>card-motherboard</id>
		<parent>card</parent>
		<parent_type>enc-node-power8</parent_type>
		<attribute>
			<id>TYPE</id>
			<default>NA</default>
		</attribute>
		<attribute>
			<id>CLASS</id>
			<default>CARD</default>
		</attribute>
	</targetType>

	<targetType>
		<id>card-daughtercard</id>
		<parent>card</parent>
		<parent_type>connector-card-generic</parent_type>
		<attribute>
			<id>TYPE</id>
			<default>NA</default>
		</attribute>
		<attribute>
			<id>CLASS</id>
			<default>CARD</default>
		</attribute>
	</targetType>

	<targetType>
		<id>connector-card-generic</id>
		<parent>connector</parent>
		<parent_type>card-motherboard</parent_type>
		<parent_type>card-daughtercard</parent_type>
		<attribute>
			<id>TYPE</id>
			<default>NA</default>
		</attribute>
	</targetType>

	<!-- Processor -->
	<targetType>
		<id>socket-proc_socket-50mm</id>
		<parent>connector</parent>
		<parent_type>card-motherboard</parent_type>
		<parent_type>card-daughtercard</parent_type>
		<attribute>
			<id>TYPE</id>
			<default>NA</default>
		</attribute>
		<attribute>
			<id>FRU_ID</id>
			<default></default>
		</attribute>
		<attribute>
			<id>IPMI_SENSORS</id>
			<default>0x0700,0x07,0x0800,0x04,0x0900,0x05,0x0a00,0x08,0x0b00,0x09,0x0c00,0x06,0x0d00,0x00,0x0e00,0xFF,0x0F00,0xFF,0xFFFF,0xFF,0xFFFF,0xFF,0xFFFF,0xFF,0xFFFF,0xFF,0xFFFF,0xFF,0xFFFF,0xFF,0xFFFF,0xFF
			</default>
		</attribute>		
		<attribute>
			<id>ENTITY_ID</id>
			<default>PROCESSOR</default>
		</attribute>		
		<attribute>
			<id>FABRIC_NODE_ID</id>
			<default>0</default>
		</attribute>		
		<attribute>
			<id>FABRIC_CHIP_ID</id>
			<default>0</default>
		</attribute>		
		<attribute>
			<id>PROC_PCIE_IOP_G2_PLL_CONTROL0</id>
			<default>0x000018F4,0x000018F4
			</default>
		</attribute>
		<attribute>
			<id>PROC_PCIE_IOP_G3_PLL_CONTROL0</id>
			<default>0x0000086C,0x0000086C
			</default>
		</attribute>
		<attribute>
			<id>PROC_PCIE_IOP_PCS_CONTROL0</id>
			<default>0x00003AE8,0x00003AE8
			</default>
		</attribute>
		<attribute>
			<id>PROC_PCIE_IOP_PCS_CONTROL1</id>
			<default>0x00005CB9,0x00005CB9
			</default>
		</attribute>
		<attribute>
			<id>PROC_PCIE_IOP_PLL_GLOBAL_CONTROL0</id>
			<default>0x00000146,0x00000146
			</default>
		</attribute>
		<attribute>
			<id>PROC_PCIE_IOP_PLL_GLOBAL_CONTROL1</id>
			<default>0x000006D7,0x000006D7
			</default>
		</attribute>
		<attribute>
			<id>PROC_PCIE_IOP_RX_PEAK</id>
			<default>0x00000B1B,0x00000B1B,0x00000B1B,0x00000B1B,0x00000B1B,0x00000B1B,0x00000B1B,0x00000B1B,0x00000B1B,0x00000B1B,0x00000B1B,0x00000B1B,0x00000B1B,0x00000B1B,0x00000B1B,0x00000B1B,0x00000B1B,0x00000B1B,0x00000B1B,0x00000B1B,0x00000B1B,0x00000B1B,0x00000B1B,0x00000B1B,0x00000B1B,0x00000B1B,0x00000B1B,0x00000B1B,0x00000B1B,0x00000B1B,0x00000B1B,0x00000B1B
			</default>
		</attribute>
		<attribute>
			<id>PROC_PCIE_IOP_RX_SDL</id>
			<default>0x0000294A,0x0000294A,0x0000294A,0x0000294A,0x0000294A,0x0000294A,0x0000294A,0x0000294A,0x0000294A,0x0000294A,0x0000294A,0x0000294A,0x0000294A,0x0000294A,0x0000294A,0x0000294A,0x0000294A,0x0000294A,0x0000294A,0x0000294A,0x0000294A,0x0000294A,0x0000294A,0x0000294A,0x0000294A,0x0000294A,0x0000294A,0x0000294A,0x0000294A,0x0000294A,0x0000294A,0x0000294A
			</default>
		</attribute>
		<attribute>
			<id>PROC_PCIE_IOP_RX_VGA_CONTROL2</id>
			<default>0x00009451,0x00009451,0x00009451,0x00009451,0x00009451,0x00009451,0x00009451,0x00009451,0x00009451,0x00009451,0x00009451,0x00009451,0x00009451,0x00009451,0x00009451,0x00009451,0x00009451,0x00009451,0x00009451,0x00009451,0x00009451,0x00009451,0x00009451,0x00009451,0x00009451,0x00009451,0x00009451,0x00009451,0x00009451,0x00009451,0x00009451,0x00009451
			</default>
		</attribute>
		<attribute>
			<id>PROC_PCIE_IOP_TX_BWLOSS1</id>
			<default>0x00000000,0x00000000,0x00000000,0x00000000,0x00000000,0x00000000,0x00000000,0x00000000,0x00000000,0x00000000,0x00000000,0x00000000,0x00000000,0x00000000,0x00000000,0x00000000,0x00000000,0x00000000,0x00000000,0x00000000,0x00000000,0x00000000,0x00000000,0x00000000,0x00000000,0x00000000,0x00000000,0x00000000,0x00000000,0x00000000,0x00000000,0x00000000
			</default>
		</attribute>
		<attribute>
			<id>PROC_PCIE_IOP_TX_FIFO_OFFSET</id>
			<default>0x00004294,0x00004294,0x00004294,0x00004294,0x00004294,0x00004294,0x00004294,0x00004294,0x00004294,0x00004294,0x00004294,0x00004294,0x00004294,0x00004294,0x00004294,0x00004294,0x00004294,0x00004294,0x00004294,0x00004294,0x00004294,0x00004294,0x00004294,0x00004294,0x00004294,0x00004294,0x00004294,0x00004294,0x00004294,0x00004294,0x00004294,0x00004294
			</default>
		</attribute>
		<attribute>
			<id>PROC_PCIE_IOP_TX_RCVRDETCNTL</id>
			<default>0x00002151,0x00002151,0x00002151,0x00002151,0x00002151,0x00002151,0x00002151,0x00002151,0x00002151,0x00002151,0x00002151,0x00002151,0x00002151,0x00002151,0x00002151,0x00002151,0x00002151,0x00002151,0x00002151,0x00002151,0x00002151,0x00002151,0x00002151,0x00002151,0x00002151,0x00002151,0x00002151,0x00002151,0x00002151,0x00002151,0x00002151,0x00002151
			</default>
		</attribute>
		<attribute>
			<id>PROC_PCIE_IOP_TX_FFE_GEN1</id>
			<default>0x000082C0,0x000082C0,0x000082C0,0x000082C0,0x000082C0,0x000082C0,0x000082C0,0x000082C0,0x000082C0,0x000082C0,0x000082C0,0x000082C0,0x000082C0,0x000082C0,0x000082C0,0x000082C0,0x000082C0,0x000082C0,0x000082C0,0x000082C0,0x000082C0,0x000082C0,0x000082C0,0x000082C0,0x000082C0,0x000082C0,0x000082C0,0x000082C0,0x000082C0,0x000082C0,0x000082C0,0x000082C0
			</default>
		</attribute>
		<attribute>
			<id>PROC_PCIE_IOP_TX_FFE_GEN2</id>
			<default>0x00008400,0x00008400,0x00008400,0x00008400,0x00008400,0x00008400,0x00008400,0x00008400,0x00008400,0x00008400,0x00008400,0x00008400,0x00008400,0x00008400,0x00008400,0x00008400,0x00008400,0x00008400,0x00008400,0x00008400,0x00008400,0x00008400,0x00008400,0x00008400,0x00008400,0x00008400,0x00008400,0x00008400,0x00008400,0x00008400,0x00008400,0x00008400
			</default>
		</attribute>
		<attribute>
			<id>PROC_PCIE_IOP_ZCAL_CONTROL</id>
			<default>0x00000080,0x00000080
			</default>
		</attribute>
		<attribute>
			<id>PROC_PCIE_IOP_CONFIG</id>
			<default>1</default>
		</attribute>
	</targetType>
	<targetType>
		<id>module-module-turismo</id>
		<parent>card</parent>
		<parent_type>socket-proc_socket-50mm</parent_type>
		<attribute>
			<id>TYPE</id>
			<default>NA</default>
		</attribute>
	</targetType>
	<targetType>
		<id>chip-processor-venice</id>
		<parent>chip</parent>
		<attribute>
			<id>MODEL</id>
			<default>VENICE</default>
		</attribute>
		<attribute>
			<id>TYPE</id>
			<default>PROC</default>
		</attribute>			
		<attribute>
			<id>PROC_DCM_INSTALLED</id>
			<default>0</default>
		</attribute>
		<attribute>
			<id>PM_UNDERVOLTING_FRQ_MINIMUM</id>
			<default>0</default>
		</attribute>
		<attribute>
			<id>PM_UNDERVOLTING_FREQ_MAXIMUM</id>
			<default>0</default>
		</attribute>
		<attribute>
			<id>PM_SPIVID_PORT_ENABLE</id>
			<default>0x4</default>
		</attribute>
		<attribute>
			<id>PM_APSS_CHIP_SELECT</id>
			<default>0x00</default>
		</attribute>
		<attribute>
			<id>PM_PBAX_NODEID</id>
			<default>0x0</default>
		</attribute>
		<attribute>
			<id>PM_PBAX_CHIPID</id>
			<default>0x0</default>
		</attribute>
		<attribute>
			<id>PM_PBAX_BRDCST_ID_VECTOR</id>
			<default>0x0</default>
		</attribute>
		<attribute>
			<id>PM_SLEEP_ENTRY</id>
			<default>0x0</default>
		</attribute>
		<attribute>
			<id>PM_SLEEP_EXIT</id>
			<default>0x0</default>
		</attribute>
		<attribute>
			<id>PM_SLEEP_TYPE</id>
			<default>0x0</default>
		</attribute>
		<attribute>
			<id>PM_WINKLE_ENTRY</id>
			<default>0x0</default>
		</attribute>
		<attribute>
			<id>PM_WINKLE_EXIT</id>
			<default>0x0</default>
		</attribute>
		<attribute>
			<id>PM_WINKLE_TYPE</id>
			<default>0x0</default>
		</attribute>
		<attribute>
			<id>FSP_BASE_ADDR</id>
			<default>0,0x0000000000000000</default>
		</attribute>
		<attribute>
			<id>PSI_BRIDGE_BASE_ADDR</id>
			<default>0,0x0000000000000000</default>
		</attribute>
		<attribute>
			<id>INTP_BASE_ADDR</id>
			<default>1,0x0003FFFF80000000,0x400000,0x100000,0</default>
		</attribute>
		<attribute>
			<id>PHB_BASE_ADDRS</id>
			<default>4,0x0003FFFE40000000,0x1000000,0x400000,0x100000</default>
		</attribute>
		<attribute>
			<id>PCI_BASE_ADDRS_32</id>
			<default>4,0x0003FF8000000000,0x800000000,0x200000000,0x80000000</default>
		</attribute>
		<attribute>
			<id>PCI_BASE_ADDRS_64</id>
			<default>4,0x0003D00000000000,0x10000000000,0x4000000000,0x1000000000</default>
		</attribute>
		<attribute>
			<id>RNG_BASE_ADDR</id>
			<default>1,0x0003FFFF40000000,0x4000,0x1000,0</default>
		</attribute> 
		<attribute>
			<id>IBSCOM_PROC_BASE_ADDR</id>
			<default>1,0x0003E00000000000,0x40000000000,0x10000000000,0</default>
		</attribute> 		
		<attribute>
			<id>EEPROM_SBE_BACKUP_INFO</id>
			<default>
				<field><id>byteAddrOffset</id><value>0x02</value></field>
				<field><id>devAddr</id><value>0xA2</value></field>
				<field><id>engine</id><value>0</value></field>
				<field><id>i2cMasterPath</id><value>physical:sys-0/node-0/proc-0</value></field>
				<field><id>maxMemorySizeKB</id><value>0x40</value></field>
				<field><id>port</id><value>1</value></field>
				<field><id>writeCycleTime</id><value>0x05</value></field>
				<field><id>writePageSize</id><value>0x80</value></field>
			</default>
		</attribute>
		<attribute>
			<id>EEPROM_SBE_PRIMARY_INFO</id>
			<default>
				<field><id>byteAddrOffset</id><value>0x02</value></field>
				<field><id>devAddr</id><value>0xA2</value></field>
				<field><id>engine</id><value>0</value></field>
				<field><id>i2cMasterPath</id><value>physical:sys-0/node-0/proc-0</value></field>
				<field><id>maxMemorySizeKB</id><value>0x40</value></field>
				<field><id>port</id><value>0</value></field>
				<field><id>writeCycleTime</id><value>0x05</value></field>
				<field><id>writePageSize</id><value>0x80</value></field>
			</default>
		</attribute>
		<attribute>
			<id>EEPROM_VPD_BACKUP_INFO</id>
			<default>
				<field><id>byteAddrOffset</id><value>0x02</value></field>
				<field><id>devAddr</id><value>0xA0</value></field>
				<field><id>engine</id><value>0</value></field>
				<field><id>i2cMasterPath</id><value>physical:sys-0/node-0/proc-0</value></field>
				<field><id>maxMemorySizeKB</id><value>0x40</value></field>
				<field><id>port</id><value>1</value></field>
				<field><id>writeCycleTime</id><value>0x05</value></field>
				<field><id>writePageSize</id><value>0x80</value></field>
			</default>
		</attribute>
		<attribute>
			<id>EEPROM_VPD_FRU_INFO</id>
			<default>
				<field><id>byteAddrOffset</id><value>0x02</value></field>
				<field><id>devAddr</id><value>0xA0</value></field>
				<field><id>engine</id><value>0</value></field>
				<field><id>fruId</id><value>0++</value></field>
				<field><id>i2cMasterPath</id><value>physical:sys-0/node-0/proc-0</value></field>
				<field><id>maxMemorySizeKB</id><value>0x40</value></field>
				<field><id>port</id><value>0</value></field>
				<field><id>writeCycleTime</id><value>0x05</value></field>
				<field><id>writePageSize</id><value>0x80</value></field>
			</default>
		</attribute>
		<attribute>
			<id>EEPROM_VPD_PRIMARY_INFO</id>
			<default>
				<field><id>byteAddrOffset</id><value>0x02</value></field>
				<field><id>devAddr</id><value>0xA0</value></field>
				<field><id>engine</id><value>0</value></field>
				<field><id>i2cMasterPath</id><value>physical:sys-0/node-0/proc-0</value></field>
				<field><id>maxMemorySizeKB</id><value>0x40</value></field>
				<field><id>port</id><value>0</value></field>
				<field><id>writeCycleTime</id><value>0x05</value></field>
				<field><id>writePageSize</id><value>0x80</value></field>
			</default>
		</attribute>
	<attribute>
		<id>I2C_BUS_SPEED_ARRAY</id>
		<default>1000,1000,0,0,0,0</default>
	</attribute>		
	</targetType>
	<targetType>
		<id>unit-ex-power8</id>
		<parent>unit</parent>
		<attribute>
			<id>TYPE</id>
			<default>EX</default>
		</attribute>
	</targetType>

	<targetType>
		<id>unit-ex-venice</id>
		<parent>unit-ex-power8</parent>
		<attribute>
			<id>MODEL</id>
			<default>VENICE</default>
		</attribute>
	</targetType>

	<targetType>
		<id>unit-ex-murano</id>
		<parent>unit-ex-power8</parent>
		<attribute>
			<id>MODEL</id>
			<default>MURANO</default>
		</attribute>
	</targetType>

	<targetType>
		<id>unit-ex-naples</id>
		<parent>unit-ex-power8</parent>
		<attribute>
			<id>MODEL</id>
			<default>NAPLES</default>
		</attribute>
	</targetType>


	<targetType>
		<id>unit-core-power8</id>
		<parent>unit</parent>
		<attribute>
			<id>TYPE</id>
			<default>CORE</default>
		</attribute>
	</targetType>

	<targetType>
		<id>unit-core-venice</id>
		<parent>unit-core-power8</parent>
		<attribute>
			<id>MODEL</id>
			<default>VENICE</default>
		</attribute>
	</targetType>

	<targetType>
		<id>unit-core-murano</id>
		<parent>unit-core-power8</parent>
		<attribute>
			<id>MODEL</id>
			<default>MURANO</default>
		</attribute>
	</targetType>

	<targetType>
		<id>unit-core-naples</id>
		<parent>unit-core-power8</parent>
		<attribute>
			<id>MODEL</id>
			<default>NAPLES</default>
		</attribute>
	</targetType>


	<targetType>
		<id>unit-pci-power8</id>
		<parent>unit</parent>
		<attribute>
			<id>TYPE</id>
			<default>PCI</default>
		</attribute>
		<attribute>
			<id>BUS_TYPE</id>
			<default>PCIE</default>
		</attribute>
		<attribute>
			<id>DIRECTION</id>
			<default>OUT</default>
		</attribute>
		<attribute>
			<id>SCHEMATIC_INTERFACE</id>
		</attribute>

	</targetType>

	<targetType>
		<id>unit-pci-venice</id>
		<parent>unit-pci-power8</parent>
		<attribute>
			<id>MODEL</id>
			<default>VENICE</default>
		</attribute>
		<attribute>
			<id>PCIE_NUM_LANES</id>
			<default>16</default>
		</attribute>
		<attribute>
			<id>PCIE_LANE_MASK</id>
			<default></default>
		</attribute>
		<attribute>
			<id>PCIE_LANE_SET</id>
			<default>0</default>
		</attribute>
		<attribute>
			<id>PHB_NUM</id>
			<default>0</default>
		</attribute>
		<attribute>
			<id>ENABLE_CAPI</id>
			<default>1</default>
		</attribute>
		<attribute>
			<id>IOP_NUM</id>
			<default>1</default>
		</attribute>
		<attribute>
			<id>PCIE_CONFIG_NUM</id>
			<default>1</default>
		</attribute>
	</targetType>

	<targetType>
		<id>unit-pci-murano</id>
		<parent>unit-pci-power8</parent>
		<attribute>
			<id>MODEL</id>
			<default>MURANO</default>
		</attribute>
	</targetType>

	<targetType>
		<id>unit-pci-naples</id>
		<parent>unit-pci-power8</parent>
		<attribute>
			<id>MODEL</id>
			<default>NAPLES</default>
		</attribute>
	</targetType>

	<targetType>
		<id>unit-abus-power8</id>
		<parent>unit</parent>
		<attribute>
			<id>TYPE</id>
			<default>ABUS</default>
		</attribute>
		<attribute>
			<id>BUS_TYPE</id>
			<default>ABUS</default>
		</attribute>
		<attribute>
			<id>DIRECTION</id>
			<default>INOUT</default>
		</attribute>
		<attribute>
			<id>CHIP_UNIT</id>
		</attribute>
	</targetType>

	<targetType>
		<id>unit-abus-venice</id>
		<parent>unit-abus-power8</parent>
		<attribute>
			<id>MODEL</id>
			<default>VENICE</default>
		</attribute>
	</targetType>

	<targetType>
		<id>unit-abus-murano</id>
		<parent>unit-abus-power8</parent>
		<attribute>
			<id>MODEL</id>
			<default>MURANO</default>
		</attribute>
	</targetType>

	<targetType>
		<id>unit-abus-naples</id>
		<parent>unit-abus-power8</parent>
		<attribute>
			<id>MODEL</id>
			<default>NAPLES</default>
		</attribute>
	</targetType>

	<targetType>
		<id>unit-xbus-power8</id>
		<parent>unit</parent>
		<attribute>
			<id>TYPE</id>
			<default>XBUS</default>
		</attribute>
		<attribute>
			<id>BUS_TYPE</id>
			<default>XBUS</default>
		</attribute>
		<attribute>
			<id>DIRECTION</id>
			<default>INOUT</default>
		</attribute>
		<attribute>
			<id>CHIP_UNIT</id>
		</attribute>
	</targetType>

	<targetType>
		<id>unit-xbus-venice</id>
		<parent>unit-xbus-power8</parent>
		<attribute>
			<id>MODEL</id>
			<default>VENICE</default>
		</attribute>
	</targetType>

	<targetType>
		<id>unit-xbus-murano</id>
		<parent>unit-xbus-power8</parent>
		<attribute>
			<id>MODEL</id>
			<default>MURANO</default>
		</attribute>
	</targetType>

	<targetType>
		<id>unit-xbus-naples</id>
		<parent>unit-xbus-power8</parent>
		<attribute>
			<id>MODEL</id>
			<default>NAPLES</default>
		</attribute>
	</targetType>

	<!-- Hybrid targets -->

	<targetType>
		<id>unit-l4-power8</id>
		<parent>unit</parent>
		<attribute>
			<id>TYPE</id>
			<default>L4</default>
		</attribute>
	</targetType>

	<targetType>
		<id>unit-mba-power8</id>
		<parent>unit</parent>
		<attribute>
			<id>TYPE</id>
			<default>MBA</default>
		</attribute>
	</targetType>

	<targetType>
		<id>unit-mcs-power8</id>
		<parent>unit</parent>
		<attribute>
			<id>TYPE</id>
			<default>MCS</default>
		</attribute>
		<attribute>
			<id>BUS_TYPE</id>
			<default>DMI</default>
		</attribute>
		<attribute>
			<id>DIRECTION</id>
			<default>OUT</default>
		</attribute>
		<attribute>
			<id>SCHEMATIC_INTERFACE</id>
		</attribute>
		<attribute>
			<id>DMI_REFCLOCK_SWIZZLE</id>
			<default></default>
		</attribute>
		<attribute>
			<id>EI_BUS_TX_LANE_INVERT</id>
			<default>0</default>
		</attribute>
		<attribute>
			<id>EI_BUS_TX_MSBSWAP</id>
			<default>0</default>
		</attribute>
		<attribute>
			<id>IBSCOM_MCS_BASE_ADDR</id>
			<default>0x0003E00000000000,0x40000000000,0x10000000000,0x2000000000</default>
		</attribute>
	</targetType>

	<targetType>
		<id>unit-mcs-venice</id>
		<parent>unit-mcs-power8</parent>
		<attribute>
			<id>MODEL</id>
			<default>VENICE</default>
		</attribute>
	</targetType>

	<targetType>
		<id>unit-mcs-murano</id>
		<parent>unit-mcs-power8</parent>
		<attribute>
			<id>MODEL</id>
			<default>MURANO</default>
		</attribute>
	</targetType>

	<targetType>
		<id>unit-mcs-naples</id>
		<parent>unit-mcs-power8</parent>
		<attribute>
			<id>MODEL</id>
			<default>NAPLES</default>
		</attribute>
	</targetType>

	<!-- Processor target types -->

	<targetType>
		<id>unit-mba-venice</id>
		<parent>unit-mba-power8</parent>
		<attribute>
			<id>MODEL</id>
			<default>VENICE</default>
		</attribute>
	</targetType>

	<targetType>
		<id>unit-mba-murano</id>
		<parent>unit-mba-venice</parent>
		<attribute>
			<id>MODEL</id>
			<default>MURANO</default>
		</attribute>
	</targetType>

	<targetType>
		<id>unit-mba-naples</id>
		<parent>unit-mba-venice</parent>
		<attribute>
			<id>MODEL</id>
			<default>NAPLES</default>
		</attribute>
	</targetType>

	<!-- Memory Buffer Target Types -->

	<!-- Centaur chip/DMI -->
	<targetType>
		<id>chip-membuf-centaur</id>
		<parent>chip</parent>
		<parent_type>card-motherboard</parent_type>
		<parent_type>card-daughtercard</parent_type>
		<attribute>
			<id>TYPE</id>
			<default>MEMBUF</default>
		</attribute>
		<attribute>
			<id>MODEL</id>
			<default>CENTAUR</default>
		</attribute>
		<attribute>
			<id>MSS_FREQ_OVERRIDE</id>
		</attribute>
		<attribute>
			<id>MSS_VOLT_OVERRIDE</id>
		</attribute>
	<attribute>
		<id>I2C_BUS_SPEED_ARRAY</id>
		<default>400,400,0,0,0,0</default>
	</attribute>		
	</targetType>

	<!-- Centaur L4 -->

	<targetType>
		<id>unit-l4-centaur</id>
		<parent>unit-l4-power8</parent>
		<attribute>
			<id>MODEL</id>
			<default>CENTAUR</default>
		</attribute>
	</targetType>

	<!-- Centaur MBA -->

	<targetType>
		<id>unit-mba-centaur</id>
		<parent>unit-mba-power8</parent>
		<attribute>
			<id>MODEL</id>
			<default>CENTAUR</default>
		</attribute>
		<attribute>
			<id>BUS_TYPE</id>
			<default>DDR3</default>
		</attribute>
		<attribute>
			<id>DIRECTION</id>
			<default>OUT</default>
		</attribute>

		<attribute>
			<id>SCHEMATIC_INTERFACE</id>
		</attribute>

	</targetType>

	<!-- DIMMs -->
	<targetType>
		<id>lcard-dimm</id>
		<parent>card</parent>
		<attribute>
			<id>TYPE</id>
			<default>DIMM</default>
		</attribute>
		<attribute>
			<id>POSITION</id>
		</attribute>
	</targetType>

	<targetType>
		<id>connector-dimmconn-ddr3_jedec</id>
		<parent>connector</parent>
		<parent_type>card-motherboard</parent_type>
		<parent_type>card-daughtercard</parent_type>
		<attribute>
			<id>ENTITY_ID</id>
			<default>MEMORY_DEVICE</default>
		</attribute>
		<attribute>
			<id>MODEL</id>
			<default>JEDEC</default>
		</attribute>
		<attribute>
			<id>IPMI_SENSORS</id>
			<default>0x0700,0x07,0x0800,0x04,0x0900,0x05,0x0a00,0x08,0x0b00,0x09,0x0c00,0x06,0x0d00,0x00,0x0e00,0xFF,0x0F00,0xFF,0xFFFF,0xFF,0xFFFF,0xFF,0xFFFF,0xFF,0xFFFF,0xFF,0xFFFF,0xFF,0xFFFF,0xFF,0xFFFF,0xFF
			</default>
		</attribute>		
	</targetType>


	<targetType>
		<id>lcard-dimm-jedec</id>
		<parent>lcard-dimm</parent>
		<parent_type>connector-dimmconn-ddr3_jedec</parent_type>
		<attribute>
			<id>MODEL</id>
			<default>JEDEC</default>
		</attribute>	
	</targetType>

	<targetType>
		<id>unit-ddr3-jedec</id>
		<parent>unit</parent>
		<attribute>
			<id>MODEL</id>
			<default>JEDEC</default>
		</attribute>
		<attribute>
			<id>TYPE</id>
			<default>NA</default>
		</attribute>
		<attribute>
			<id>MRW_TYPE</id>
			<default>NA</default>
		</attribute>
		<attribute>
			<id>BUS_TYPE</id>
			<default>DDR3</default>
		</attribute>
		<attribute>
			<id>DIRECTION</id>
			<default>IN</default>
		</attribute>
	</targetType>
	<targetType>
		<id>connector-cdimm-cdimm</id>
		<parent>connector</parent>
		<parent_type>card-motherboard</parent_type>
		<parent_type>card-daughtercard</parent_type>

		<attribute>
			<id>MODEL</id>
			<default>JEDEC</default>
		</attribute>
	</targetType>


	<targetType>
		<id>dimm-cdimm-cdimm</id>
		<parent>lcard-dimm</parent>
		<parent_type>connector-cdimm-cdimm</parent_type>
		<attribute>
			<id>MODEL</id>
			<default>CDIMM</default>
		</attribute>
	</targetType>

	<targetType>
		<id>unit-nx-power8</id>
		<parent>unit</parent>
		<attribute>
			<id>TYPE</id>
			<default>NX</default>
		</attribute>
	</targetType>
	<targetType>
		<id>occ</id>
		<parent>unit</parent>
		<attribute>
			<id>TYPE</id>
			<default>OCC</default>
		</attribute>
		<attribute>
			<id>MODEL</id>
			<default>POWER8</default>
		</attribute>
		<attribute>
			<id>OCC_MASTER_CAPABLE</id>
		</attribute>
	</targetType>
	<targetType>
		<id>unit-nx-venice</id>
		<parent>unit-nx-power8</parent>
		<attribute>
			<id>MODEL</id>
			<default>VENICE</default>
		</attribute>
	</targetType>

	<targetType>
		<id>unit-nx-murano</id>
		<parent>unit-nx-power8</parent>
		<attribute>
			<id>MODEL</id>
			<default>MURANO</default>
		</attribute>
	</targetType>

	<targetType>
		<id>unit-nx-naples</id>
		<parent>unit-nx-power8</parent>
		<attribute>
			<id>MODEL</id>
			<default>NAPLES</default>
		</attribute>
	</targetType>

	<targetType>
		<id>unit-pore-power8</id>
		<parent>unit</parent>
		<attribute>
			<id>TYPE</id>
			<default>PORE</default>
		</attribute>
	</targetType>

	<targetType>
		<id>unit-pore-venice</id>
		<parent>unit-pore-power8</parent>
		<attribute>
			<id>MODEL</id>
			<default>VENICE</default>
		</attribute>
	</targetType>

	<targetType>
		<id>unit-pore-murano</id>
		<parent>unit-pore-power8</parent>
		<attribute>
			<id>MODEL</id>
			<default>MURANO</default>
		</attribute>
	</targetType>

	<targetType>
		<id>unit-pore-naples</id>
		<parent>unit-pore-power8</parent>
		<attribute>
			<id>MODEL</id>
			<default>NAPLES</default>
		</attribute>
	</targetType>

	<targetType>
		<id>unit-capp-power8</id>
		<parent>unit</parent>
		<attribute>
			<id>TYPE</id>
			<default>CAPP</default>
		</attribute>
	</targetType>

	<targetType>
		<id>unit-capp-venice</id>
		<parent>unit-capp-power8</parent>
		<attribute>
			<id>MODEL</id>
			<default>VENICE</default>
		</attribute>
	</targetType>

	<targetType>
		<id>unit-capp-murano</id>
		<parent>unit-capp-power8</parent>
		<attribute>
			<id>MODEL</id>
			<default>MURANO</default>
		</attribute>
	</targetType>

	<targetType>
		<id>unit-capp-naples</id>
		<parent>unit-capp-power8</parent>
		<attribute>
			<id>MODEL</id>
			<default>NAPLES</default>
		</attribute>
	</targetType>
	<targetType>
		<id>unit-dmi-centaur</id>
		<parent>unit</parent>
		<attribute>
			<id>CLASS</id>
			<default>UNIT</default>
		</attribute>
		<attribute>
			<id>BUS_TYPE</id>
			<default>DMI</default>
		</attribute>
		<attribute>
			<id>DIRECTION</id>
			<default>IN</default>
		</attribute>
	</targetType>
	<targetType>
		<id>unit-fsi-membuf</id>
		<parent>unit</parent>
		<attribute>
			<id>CLASS</id>
			<default>UNIT</default>
		</attribute>
		<attribute>
			<id>TYPE</id>
			<default>FSI</default>
		</attribute>
		<attribute>
			<id>MRW_TYPE</id>
			<default>FSICM</default>
		</attribute>
		<attribute>
			<id>FSI_ENGINE</id>
			<default>0x00</default>
		</attribute>
		<attribute>
			<id>FSI_PORT</id>
			<default>0x00</default>
		</attribute>
		<attribute>
			<id>FSI_LINK</id>
			<default>0x00</default>
		</attribute>
		<attribute>
			<id>CMFSI</id>
			<default>0x00</default>
		</attribute>
		<attribute>
			<id>BUS_TYPE</id>
			<default>FSICM</default>
		</attribute>
		<attribute>
			<id>DIRECTION</id>
			<default>OUT</default>
		</attribute>

	</targetType>
	<targetType>
		<id>unit-fsi-proc</id>
		<parent>unit</parent>
		<attribute>
			<id>CLASS</id>
			<default>UNIT</default>
		</attribute>
		<attribute>
			<id>TYPE</id>
			<default>FSI</default>
		</attribute>
		<attribute>
			<id>MRW_TYPE</id>
			<default>FSIM</default>
		</attribute>
		<attribute>
			<id>FSI_ENGINE</id>
			<default>0x00</default>
		</attribute>
		<attribute>
			<id>FSI_PORT</id>
			<default>0x00</default>
		</attribute>
		<attribute>
			<id>FSI_LINK</id>
			<default>0x00</default>
		</attribute>
		<attribute>
			<id>CMFSI</id>
			<default>0x00</default>
		</attribute>
		<attribute>
			<id>BUS_TYPE</id>
			<default>FSIM</default>
		</attribute>
		<attribute>
			<id>DIRECTION</id>
			<default>OUT</default>
		</attribute>
	</targetType>

	<targetType>
		<id>unit-fsi-slave</id>
		<parent>unit</parent>
		<attribute>
			<id>CLASS</id>
			<default>UNIT</default>
		</attribute>
		<attribute>
			<id>TYPE</id>
			<default>FSI</default>
		</attribute>
		<attribute>
			<id>FSI_ENGINE</id>
			<default>0x00</default>
		</attribute>
		<attribute>
			<id>FSI_PORT</id>
			<default>0x00</default>
		</attribute>

		<attribute>
			<id>FSI_LINK</id>
			<default>0x00</default>
		</attribute>
		<attribute>
			<id>BUS_TYPE</id>
			<default>FSIM</default>
		</attribute>
		<attribute>
			<id>DIRECTION</id>
			<default>IN</default>
		</attribute>
	</targetType>
	<targetType>
		<id>unit-fsicm-slave</id>
		<parent>unit</parent>
		<attribute>
			<id>CLASS</id>
			<default>UNIT</default>
		</attribute>
		<attribute>
			<id>TYPE</id>
			<default>FSI</default>
		</attribute>
		<attribute>
			<id>FSI_ENGINE</id>
			<default>0x00</default>
		</attribute>
		<attribute>
			<id>FSI_PORT</id>
			<default>0x00</default>
		</attribute>

		<attribute>
			<id>FSI_LINK</id>
			<default>0x00</default>
		</attribute>
		<attribute>
			<id>BUS_TYPE</id>
			<default>FSICM</default>
		</attribute>
		<attribute>
			<id>DIRECTION</id>
			<default>IN</default>
		</attribute>
	</targetType>
	<targetType>
		<id>unit-i2c-master</id>
		<parent>unit</parent>
		<attribute>
			<id>TYPE</id>
			<default>NA</default>
		</attribute>
		<attribute>
			<id>BUS_TYPE</id>
			<default>I2C</default>
		</attribute>
		<attribute>
			<id>DIRECTION</id>
			<default>OUT</default>
		</attribute>
		<attribute>
			<id>I2C_PORT</id>
			<default>0x00</default>
		</attribute>
		<attribute>
			<id>I2C_ENGINE</id>
			<default>0x00</default>
		</attribute>

	</targetType>
	<targetType>
		<id>unit-i2c-slave</id>
		<parent>unit</parent>
		<attribute>
			<id>TYPE</id>
			<default>NA</default>
		</attribute>
		<attribute>
			<id>BUS_TYPE</id>
			<default>I2C</default>
		</attribute>
		<attribute>
			<id>DIRECTION</id>
			<default>IN</default>
		</attribute>
	</targetType>

	<targetType>
		<id>unit-gpio-generic</id>
		<parent>unit</parent>
		<attribute>
			<id>TYPE</id>
			<default>NA</default>
		</attribute>
		<attribute>
			<id>BUS_TYPE</id>
			<default>GPIO</default>
		</attribute>
		<attribute>
			<id>DIRECTION</id>
			<default>INOUT</default>
		</attribute>
		<attribute>
			<id>SCHEMATIC_INTERFACE</id>
		</attribute>
		<attribute>
			<id>GPIO_TYPE</id>
			<default>GENERIC_OUTPUT</default>
		</attribute>

	</targetType>
	<targetType>
		<id>i2c-device</id>
		<parent>base</parent>
		<attribute>
			<id>CLASS</id>
			<default>CHIP</default>
		</attribute>
	</targetType>
	<targetType>
		<id>chip-gpioexp-generic</id>
		<parent>chip</parent>
		<parent_type>card-motherboard</parent_type>
		<parent_type>card-daughtercard</parent_type>
		<attribute>
			<id>TYPE</id>
			<default>NA</default>
		</attribute>
		<attribute>
			<id>MRW_TYPE</id>
			<default>GPIO_EXPANDER</default>
		</attribute>
	</targetType>
	<targetType>
		<id>chip-vreg-generic</id>
		<parent>chip</parent>
		<parent_type>card-motherboard</parent_type>
		<parent_type>card-daughtercard</parent_type>
		<attribute>
			<id>TYPE</id>
			<default>NA</default>
		</attribute>
		<attribute>
			<id>MRW_TYPE</id>
			<default>VOLTAGE_REGULATOR</default>
		</attribute>
	</targetType>
	<targetType>
		<id>unit-vreg_enable-generic</id>
		<parent>unit</parent>
		<attribute>
			<id>TYPE</id>
			<default>NA</default>
		</attribute>
		<attribute>
			<id>BUS_TYPE</id>
			<default>GPIO</default>
		</attribute>
		<attribute>
			<id>DIRECTION</id>
			<default>IN</default>
		</attribute>
		<attribute>
			<id>GPIO_TYPE</id>
			<default>ENABLE</default>
		</attribute>
	</targetType>
	<targetType>
		<id>unit-vreg_pgood-generic</id>
		<parent>unit</parent>
		<attribute>
			<id>TYPE</id>
			<default>NA</default>
		</attribute>
		<attribute>
			<id>BUS_TYPE</id>
			<default>GPIO</default>
		</attribute>
		<attribute>
			<id>DIRECTION</id>
			<default>OUT</default>
		</attribute>
		<attribute>
			<id>GPIO_TYPE</id>
			<default>PGOOD</default>
		</attribute>
	</targetType>
	<targetType>
		<id>unit-vreg_vout-generic</id>
		<parent>unit</parent>
		<attribute>
			<id>TYPE</id>
			<default>NA</default>
		</attribute>
		<attribute>
			<id>BUS_TYPE</id>
			<default>POWER</default>
		</attribute>
		<attribute>
			<id>DIRECTION</id>
			<default>OUT</default>
		</attribute>
		<attribute>
			<id>RAIL_NAME</id>
			<default>UNKNOWN</default>
		</attribute>
	</targetType>
	<targetType>
		<id>unit-power-generic</id>
		<parent>unit</parent>
		<attribute>
			<id>TYPE</id>
			<default>NA</default>
		</attribute>
		<attribute>
			<id>BUS_TYPE</id>
			<default>POWER</default>
		</attribute>
		<attribute>
			<id>DIRECTION</id>
			<default>IN</default>
		</attribute>
		<attribute>
			<id>RAIL_NAME</id>
			<default>UNKNOWN</default>
		</attribute>
	</targetType>
	<targetType>
		<id>chip-vpd-device</id>
		<parent>chip</parent>
		<attribute>
			<id>VPD_TYPE</id>
			<default></default>
		</attribute>
		<attribute>
			<id>I2C_ADDRESS</id>
		</attribute>
		<attribute>
			<id>I2C_SPEED</id>
		</attribute>
		<attribute>
			<id>TYPE</id>
			<default>NA</default>
		</attribute>
		<attribute>
			<id>MRW_TYPE</id>
			<default>VPD</default>
		</attribute>
		<attribute>
			<id>BYTE_ADDRESS_OFFSET</id>
			<default>2</default>
		</attribute>		
		<attribute>
			<id>MEMORY_SIZE_IN_KB</id>
			<default></default>
		</attribute>
		<attribute>
			<id>WRITE_CYCLE_TIME</id>
			<default></default>
		</attribute>
		<attribute>
			<id>WRITE_PAGE_SIZE</id>
			<default></default>
		</attribute>
	</targetType>
	<targetType>
		<id>chip-membuf_vpd-device</id>
		<parent>chip-vpd-device</parent>
		<parent_type>card-daughtercard</parent_type>
		<attribute>
			<id>VPD_TYPE</id>
			<default>CVPD</default>
		</attribute>
		<attribute>
			<id>BYTE_ADDRESS_OFFSET</id>
			<default>2</default>
		</attribute>

		<attribute>
			<id>MEMORY_SIZE_IN_KB</id>
			<default>0x40</default>
		</attribute>
		<attribute>
			<id>WRITE_CYCLE_TIME</id>
			<default>20</default>
		</attribute>
		<attribute>
			<id>WRITE_PAGE_SIZE</id>
			<default>32</default>
		</attribute>
	</targetType>	
	<targetType>
		<id>chip-planar_vpd-device</id>
		<parent>chip-vpd-device</parent>
		<parent_type>card-motherboard</parent_type>
		<parent_type>card-daughtercard</parent_type>
		<attribute>
			<id>VPD_TYPE</id>
			<default>PVPD</default>
		</attribute>
		<attribute>
			<id>BYTE_ADDRESS_OFFSET</id>
			<default>2</default>
		</attribute>
		<attribute>
			<id>MEMORY_SIZE_IN_KB</id>
			<default>0x40</default>
		</attribute>
		<attribute>
			<id>WRITE_CYCLE_TIME</id>
			<default>20</default>
		</attribute>
		<attribute>
			<id>WRITE_PAGE_SIZE</id>
			<default>32</default>
		</attribute>
	</targetType>	
	<targetType>
		<id>chip-spd-device</id>
		<parent>chip-vpd-device</parent>
		<attribute>
			<id>VPD_TYPE</id>
			<default>SPD</default>
		</attribute>
		<attribute>
			<id>MRW_TYPE</id>
			<default>SPD</default>
		</attribute>		
		<attribute>
			<id>BYTE_ADDRESS_OFFSET</id>
			<default>0x01</default>
		</attribute>
		<attribute>
			<id>MEMORY_SIZE_IN_KB</id>
			<default>0x01</default>
		</attribute>
		<attribute>
			<id>WRITE_CYCLE_TIME</id>
			<default>0x05</default>
		</attribute>
		<attribute>
			<id>WRITE_PAGE_SIZE</id>
			<default>0x00</default>
		</attribute>
	</targetType>	

	<targetType>
		<id>unit-pcie-endpoint</id>
		<parent>unit</parent>
		<attribute>
			<id>BUS_TYPE</id>
			<default>PCIE</default>
		</attribute>
		<attribute>
			<id>DIRECTION</id>
			<default>IN</default>
		</attribute>
	</targetType>
	<targetType>
		<id>chip-pcie-endpoint</id>
		<parent>chip</parent>
		<parent_type>card-motherboard</parent_type>
		<parent_type>card-daughtercard</parent_type>
	</targetType>


	<!-- PCIe -->
	<targetType>
		<id>slot-pcieslot</id>
		<parent>base</parent>
		<attribute>
			<id>CLASS</id>
			<default>CONNECTOR</default>
		</attribute>
		<attribute>
			<id>TYPE</id>
			<default>NA</default>
		</attribute>
	</targetType>
	<targetType>
		<id>slot-pcieslot-generic</id>
		<parent>slot-pcieslot</parent>
		<parent_type>card-motherboard</parent_type>
		<parent_type>card-daughtercard</parent_type>
	</targetType>
	<targetType>
		<id>card-pciecard</id>
		<parent>base</parent>
		<attribute>
			<id>CLASS</id>
			<default>CARD</default>
		</attribute>
	</targetType>
	<targetType>
		<id>card-pciecard-cablecard</id>
		<parent>card-pciecard</parent>
		<parent_type>slot-pcieslot-generic</parent_type>
	</targetType>
	<targetType>
		<id>card-pciecard-card</id>
		<parent>card-pciecard</parent>
		<parent_type>slot-pcieslot-generic</parent_type>
	</targetType>

	<targetType>
		<id>unit-pciconfig-venice</id>
		<parent>unit</parent>
		<attribute>
			<id>MODEL</id>
			<default>VENICE</default>
		</attribute>
		<attribute>
			<id>MRW_TYPE</id>
			<default>PCI_CONFIG</default>
		</attribute>
	</targetType>
	<!-- Bus targets -->
	<targetType>
		<id>I2C</id>
		<attribute>
			<id>CLASS</id>
			<default>BUS</default>
		</attribute>
		<attribute>
			<id>I2C_ADDRESS</id>
		</attribute>
		<attribute>
			<id>I2C_SPEED</id>
		</attribute>
	</targetType>
	<targetType>
		<id>FSICM</id>
		<attribute>
			<id>CLASS</id>
			<default>BUS</default>
		</attribute>
	</targetType>
	<targetType>
		<id>FSIM</id>
		<attribute>
			<id>CLASS</id>
			<default>BUS</default>
		</attribute>
	</targetType>
	<targetType>
		<id>ABUS</id>
		<attribute>
			<id>CLASS</id>
			<default>BUS</default>
		</attribute>
		<attribute>
			<id>SOURCE_TX_LANE_INVERT</id>
			<default>0</default>
		</attribute>
		<attribute>
			<id>SOURCE_TX_MSBSWAP</id>
			<default>0</default>
		</attribute>
		<attribute>
			<id>DEST_TX_LANE_INVERT</id>
			<default>0</default>
		</attribute>
		<attribute>
			<id>DEST_TX_MSBSWAP</id>
			<default>0</default>
		</attribute>
	</targetType>
	<targetType>
		<id>XBUS</id>
		<attribute>
			<id>CLASS</id>
			<default>BUS</default>
		</attribute>
	</targetType>
	<targetType>
		<id>PCIE</id>
		<attribute>
			<id>CLASS</id>
			<default>BUS</default>
		</attribute>
		<attribute>
			<id>ENABLE_CAPI</id>
			<default>1</default>
		</attribute>
		<attribute>
			<id>LANE_SWAP</id>
			<default>1</default>
		</attribute>
		<attribute>
			<id>LANE_REVERSAL</id>
			<default>1</default>
		</attribute>
		<attribute>
			<id>PROC_PCIE_LANE_EQUALIZATION</id>
			<default>0x77,0x77,0x77,0x77,0x77,0x77,0x77,0x77,0x77,0x77,0x77,0x77,0x77,0x77,0x77,0x77
			</default>
		</attribute>
	</targetType>
	<targetType>
		<id>GPIO</id>
		<attribute>
			<id>CLASS</id>
			<default>BUS</default>
		</attribute>
	</targetType>
	<targetType>
		<id>DMI</id>
		<attribute>
			<id>CLASS</id>
			<default>BUS</default>
		</attribute>
		<attribute>
			<id>DMI_REFCLOCK_SWIZZLE</id>
			<default></default>
		</attribute>
		<attribute>
			<id>PROC_TX_LANE_INVERT</id>
			<default>0x00000000</default>
		</attribute>
		<attribute>
			<id>PROC_TX_MSBSWAP</id>
			<default>0</default>
		</attribute>
		<attribute>
			<id>MEMBUF_TX_LANE_INVERT</id>
			<default>0x00000000</default>
		</attribute>
		<attribute>
			<id>MEMBUF_TX_MSBSWAP</id>
			<default>0</default>
		</attribute>
	</targetType>
	<targetType>
		<id>DDR3</id>
		<attribute>
			<id>CLASS</id>
			<default>BUS</default>
		</attribute>
	</targetType>
	<targetType>
		<id>DDR4</id>
		<attribute>
			<id>CLASS</id>
			<default>BUS</default>
		</attribute>
	</targetType>
	<targetType>
		<id>DDR3</id>
		<attribute>
			<id>CLASS</id>
			<default>BUS</default>
		</attribute>
	</targetType>
	<targetType>
		<id>POWER</id>
		<attribute>
			<id>CLASS</id>
			<default>BUS</default>
		</attribute>
	</targetType>
	<targetType>
		<id>LOGICAL_ASSOCIATION</id>
		<attribute>
			<id>CLASS</id>
			<default>BUS</default>
		</attribute>
		<attribute>
			<id>ISDIMM_MBVPD_INDEX</id>
			<default>0</default>
		</attribute>		
	</targetType>
	<targetType>
		<id>unit-logic_assoc-generic</id>
		<parent>unit</parent>
		<attribute>
			<id>TYPE</id>
			<default>NA</default>
		</attribute>
		<attribute>
			<id>BUS_TYPE</id>
			<default>LOGICAL_ASSOCIATION</default>
		</attribute>
		<attribute>
			<id>DIRECTION</id>
			<default>INOUT</default>
		</attribute>
		<attribute>
			<id>ASSOCIATION_TYPE</id>
			<default>NA</default>
		</attribute>
	</targetType>
</targetTypes>