<?xml version="1.0" encoding="UTF-8"?>
<target_instances>
	<!-- Venice -->

	<target_instance>
		<id>module-module-turismo</id>
		<instance_id>turismo</instance_id>
		<child_id>proc</child_id>
		<attribute>
			<attribute_id>POSITION</attribute_id>
			<value>0</value>
		</attribute>
	</target_instance>
	<target_instance>
		<id>chip-processor-venice</id>
		<instance_id>proc</instance_id>
		<child_id>ex-1</child_id>
		<child_id>ex-2</child_id>
		<child_id>ex-3</child_id>
		<child_id>ex-4</child_id>
		<child_id>ex-5</child_id>
		<child_id>ex-6</child_id>
		<child_id>ex-9</child_id>
		<child_id>ex-10</child_id>
		<child_id>ex-11</child_id>
		<child_id>ex-12</child_id>
		<child_id>ex-13</child_id>
		<child_id>ex-14</child_id>
		<child_id>pore-0</child_id>
		<child_id>capp-0</child_id>
		<child_id>nx-0</child_id>
		<child_id>occ-0</child_id>
		<child_id>pci_configs</child_id>
		<hidden_child_id>pci-0</hidden_child_id>
		<hidden_child_id>pci-1</hidden_child_id>
		<hidden_child_id>pci-2</hidden_child_id>
		<hidden_child_id>pci-3</hidden_child_id>
		<child_id>abus-0</child_id>
		<child_id>abus-1</child_id>
		<child_id>abus-2</child_id>
		<hidden_child_id>xbus-0</hidden_child_id>
		<hidden_child_id>xbus-1</hidden_child_id>
		<hidden_child_id>xbus-2</hidden_child_id>
		<hidden_child_id>xbus-3</hidden_child_id>
		<child_id>mcs-0</child_id>
		<child_id>mcs-1</child_id>
		<hidden_child_id>mcs-2</hidden_child_id>
		<hidden_child_id>mcs-3</hidden_child_id>
		<child_id>mcs-4</child_id>
		<child_id>mcs-5</child_id>
		<hidden_child_id>mcs-6</hidden_child_id>
		<hidden_child_id>mcs-7</hidden_child_id>
		<child_id>fsi-slave-0</child_id>
		<child_id>fsi-cm-0</child_id>
		<child_id>fsi-cm-1</child_id>
		<child_id>fsi-cm-2</child_id>
		<child_id>fsi-cm-3</child_id>
		<child_id>fsim-0</child_id>
		<child_id>fsim-1</child_id>
		<child_id>fsim-2</child_id>
		<child_id>i2c-slave</child_id>
		<child_id>i2c-master-lightpath</child_id>
		<child_id>i2c-master-hotplug</child_id>

		<attribute>
			<attribute_id>POSITION</attribute_id>
			<value>0</value>
		</attribute>
	</target_instance>

	<target_instance>
		<id>unit-ex-venice</id>
		<instance_id>ex</instance_id>
		<child_id>core-0</child_id>
	</target_instance>


	<target_instance>
		<id>unit-ex-venice</id>
		<instance_id>ex-1</instance_id>
		<attribute>
			<attribute_id>CHIP_UNIT</attribute_id>
			<value>1</value>
		</attribute>
	</target_instance>
	<target_instance>
		<id>unit-ex-venice</id>
		<instance_id>ex-2</instance_id>
		<attribute>
			<attribute_id>CHIP_UNIT</attribute_id>
			<value>2</value>
		</attribute>
	</target_instance>
	<target_instance>
		<id>unit-ex-venice</id>
		<instance_id>ex-3</instance_id>
		<attribute>
			<attribute_id>CHIP_UNIT</attribute_id>
			<value>3</value>
		</attribute>
	</target_instance>
	<target_instance>
		<id>unit-ex-venice</id>
		<instance_id>ex-4</instance_id>
		<attribute>
			<attribute_id>CHIP_UNIT</attribute_id>
			<value>4</value>
		</attribute>
	</target_instance>
	<target_instance>
		<id>unit-ex-venice</id>
		<instance_id>ex-5</instance_id>
		<attribute>
			<attribute_id>CHIP_UNIT</attribute_id>
			<value>5</value>
		</attribute>
	</target_instance>
	<target_instance>
		<id>unit-ex-venice</id>
		<instance_id>ex-6</instance_id>
		<attribute>
			<attribute_id>CHIP_UNIT</attribute_id>
			<value>6</value>
		</attribute>
	</target_instance>
	<target_instance>
		<id>unit-ex-venice</id>
		<instance_id>ex-9</instance_id>
		<attribute>
			<attribute_id>CHIP_UNIT</attribute_id>
			<value>9</value>
		</attribute>
	</target_instance>
	<target_instance>
		<id>unit-ex-venice</id>
		<instance_id>ex-10</instance_id>
		<attribute>
			<attribute_id>CHIP_UNIT</attribute_id>
			<value>10</value>
		</attribute>
	</target_instance>
	<target_instance>
		<id>unit-ex-venice</id>
		<instance_id>ex-11</instance_id>
		<attribute>
			<attribute_id>CHIP_UNIT</attribute_id>
			<value>11</value>
		</attribute>
	</target_instance>
	<target_instance>
		<id>unit-ex-venice</id>
		<instance_id>ex-12</instance_id>
		<attribute>
			<attribute_id>CHIP_UNIT</attribute_id>
			<value>12</value>
		</attribute>
	</target_instance>
	<target_instance>
		<id>unit-ex-venice</id>
		<instance_id>ex-13</instance_id>
		<attribute>
			<attribute_id>CHIP_UNIT</attribute_id>
			<value>13</value>
		</attribute>
	</target_instance>
	<target_instance>
		<id>unit-ex-venice</id>
		<instance_id>ex-14</instance_id>
		<attribute>
			<attribute_id>CHIP_UNIT</attribute_id>
			<value>14</value>
		</attribute>
	</target_instance>
	<target_instance>
		<id>unit-core-venice</id>
		<instance_id>core-0</instance_id>
		<attribute>
			<attribute_id>CHIP_UNIT</attribute_id>
			<value>0</value>
		</attribute>
	</target_instance>
	<target_instance>
		<id>unit-pore-venice</id>
		<instance_id>pore-0</instance_id>
		<attribute>
			<attribute_id>CHIP_UNIT</attribute_id>
			<value>0</value>
		</attribute>
	</target_instance>
	<target_instance>
		<id>unit-nx-venice</id>
		<instance_id>nx-0</instance_id>
		<attribute>
			<attribute_id>CHIP_UNIT</attribute_id>
			<value>0</value>
		</attribute>
	</target_instance>
	<target_instance>
		<id>occ</id>
		<instance_id>occ-0</instance_id>
		<attribute>
			<attribute_id>CHIP_UNIT</attribute_id>
			<value>0</value>
		</attribute>
	</target_instance>

	<!-- PCIe instances -->
	<target_instance>
		<id>unit-pciconfig-venice</id>
		<instance_id>pci_configs</instance_id>
		<child_id>iop0_config0_phb0_x16</child_id>
		<child_id>iop1_config0_phb1_x16</child_id>
		<child_id>iop1_config1_phb1_x8</child_id>
		<child_id>iop1_config1_phb2_x8</child_id>
	</target_instance>

	<!-- IOP0 config 0: PHB0=x16 -->
	<target_instance>
		<id>unit-pci-venice</id>
		<instance_id>iop0_config0_phb0_x16</instance_id>
		<attribute>
			<attribute_id>CHIP_UNIT</attribute_id>
			<value>0</value>
		</attribute>
		<attribute>
			<attribute_id>PCIE_NUM_LANES</attribute_id>
			<value>16</value>
		</attribute>
		<attribute>
			<attribute_id>PCIE_LANE_MASK</attribute_id>
			<value>0xFFFF</value>
		</attribute>
		<attribute>
			<attribute_id>PCIE_LANE_SET</attribute_id>
			<value>0</value>
		</attribute>
		<attribute>
			<attribute_id>PHB_NUM</attribute_id>
			<value>0</value>
		</attribute>
		<attribute>
			<attribute_id>IOP_NUM</attribute_id>
			<value>0</value>
		</attribute>
		<attribute>
			<attribute_id>PCIE_CONFIG_NUM</attribute_id>
			<value>0</value>
		</attribute>
		<attribute>
			<attribute_id>SCHEMATIC_INTERFACE</attribute_id>
			<value>PCIE E0</value>
		</attribute>
	</target_instance>
	<!-- IOP1 config: PHB1=x16 -->
	<target_instance>
		<id>unit-pci-venice</id>
		<instance_id>iop1_config0_phb1_x16</instance_id>
		<attribute>
			<attribute_id>CHIP_UNIT</attribute_id>
			<value>1</value>
		</attribute>
		<attribute>
			<attribute_id>PCIE_NUM_LANES</attribute_id>
			<value>16</value>
		</attribute>
		<attribute>
			<attribute_id>PCIE_LANE_MASK</attribute_id>
			<value>0xFFFF</value>
		</attribute>
		<attribute>
			<attribute_id>PCIE_LANE_SET</attribute_id>
			<value>0</value>
		</attribute>
		<attribute>
			<attribute_id>PHB_NUM</attribute_id>
			<value>1</value>
		</attribute>
		<attribute>
			<attribute_id>IOP_NUM</attribute_id>
			<value>1</value>
		</attribute>
		<attribute>
			<attribute_id>PCIE_CONFIG_NUM</attribute_id>
			<value>0</value>
		</attribute>
		<attribute>
			<attribute_id>SCHEMATIC_INTERFACE</attribute_id>
			<value>PCIE E1</value>
		</attribute>
	</target_instance>

	<!-- IOP1 config 1: PHB1=x8, PHB2=x8 -->
	<target_instance>
		<id>unit-pci-venice</id>
		<instance_id>iop1_config1_phb1_x8</instance_id>
		<attribute>
			<attribute_id>CHIP_UNIT</attribute_id>
			<value>1</value>
		</attribute>
		<attribute>
			<attribute_id>PCIE_NUM_LANES</attribute_id>
			<value>8</value>
		</attribute>
		<attribute>
			<attribute_id>PCIE_LANE_MASK</attribute_id>
			<value>0xFF00</value>
		</attribute>
		<attribute>
			<attribute_id>PCIE_LANE_SET</attribute_id>
			<value>0</value>
		</attribute>
		<attribute>
			<attribute_id>PHB_NUM</attribute_id>
			<value>1</value>
		</attribute>
		<attribute>
			<attribute_id>IOP_NUM</attribute_id>
			<value>1</value>
		</attribute>
		<attribute>
			<attribute_id>PCIE_CONFIG_NUM</attribute_id>
			<value>1</value>
		</attribute>
		<attribute>
			<attribute_id>SCHEMATIC_INTERFACE</attribute_id>
			<value>PCIE E1</value>
		</attribute>
	</target_instance>
	<target_instance>
		<id>unit-pci-venice</id>
		<instance_id>iop1_config1_phb2_x8</instance_id>
		<attribute>
			<attribute_id>CHIP_UNIT</attribute_id>
			<value>1</value>
		</attribute>
		<attribute>
			<attribute_id>PCIE_NUM_LANES</attribute_id>
			<value>8</value>
		</attribute>
		<attribute>
			<attribute_id>PCIE_LANE_MASK</attribute_id>
			<value>0x00FF</value>
		</attribute>
		<attribute>
			<attribute_id>PCIE_LANE_SET</attribute_id>
			<value>1</value>
		</attribute>
		<attribute>
			<attribute_id>PHB_NUM</attribute_id>
			<value>2</value>
		</attribute>
		<attribute>
			<attribute_id>IOP_NUM</attribute_id>
			<value>1</value>
		</attribute>
		<attribute>
			<attribute_id>PCIE_CONFIG_NUM</attribute_id>
			<value>1</value>
		</attribute>
		<attribute>
			<attribute_id>SCHEMATIC_INTERFACE</attribute_id>
			<value>PCIE E1</value>
		</attribute>
	</target_instance>
	<target_instance>
		<id>unit-pci-venice</id>
		<instance_id>pci-0</instance_id>
		<attribute>
			<attribute_id>CHIP_UNIT</attribute_id>
			<value>0</value>
		</attribute>
	</target_instance>
	<target_instance>
		<id>unit-pci-venice</id>
		<instance_id>pci-1</instance_id>
		<attribute>
			<attribute_id>CHIP_UNIT</attribute_id>
			<value>1</value>
		</attribute>
	</target_instance>
	<target_instance>
		<id>unit-pci-venice</id>
		<instance_id>pci-2</instance_id>
		<attribute>
			<attribute_id>CHIP_UNIT</attribute_id>
			<value>2</value>
		</attribute>
	</target_instance>
	<target_instance>
		<id>unit-pci-venice</id>
		<instance_id>pci-3</instance_id>
		<attribute>
			<attribute_id>CHIP_UNIT</attribute_id>
			<value>3</value>
		</attribute>
	</target_instance>
	<target_instance>
		<id>unit-mcs-venice</id>
		<instance_id>mcs-0</instance_id>
		<attribute>
			<attribute_id>CHIP_UNIT</attribute_id>
			<value>0</value>
		</attribute>
		<attribute>
			<attribute_id>SCHEMATIC_INTERFACE</attribute_id>
			<value>M0 DMI C</value>
		</attribute>
	</target_instance>
	<target_instance>
		<id>unit-mcs-venice</id>
		<instance_id>mcs-1</instance_id>
		<attribute>
			<attribute_id>CHIP_UNIT</attribute_id>
			<value>1</value>
		</attribute>
		<attribute>
			<attribute_id>SCHEMATIC_INTERFACE</attribute_id>
			<value>M0 DMI D</value>
		</attribute>
	</target_instance>
	<target_instance>
		<id>unit-mcs-venice</id>
		<instance_id>mcs-2</instance_id>
		<attribute>
			<attribute_id>CHIP_UNIT</attribute_id>
			<value>2</value>
		</attribute>
		<attribute>
			<attribute_id>SCHEMATIC_INTERFACE</attribute_id>
			<value>M0 DMI C</value>
		</attribute>
	</target_instance>
	<target_instance>
		<id>unit-mcs-venice</id>
		<instance_id>mcs-3</instance_id>
		<attribute>
			<attribute_id>CHIP_UNIT</attribute_id>
			<value>3</value>
		</attribute>
		<attribute>
			<attribute_id>SCHEMATIC_INTERFACE</attribute_id>
			<value>M0 DMI C</value>
		</attribute>
	</target_instance>

	<target_instance>
		<id>unit-mcs-venice</id>
		<instance_id>mcs-4</instance_id>
		<attribute>
			<attribute_id>CHIP_UNIT</attribute_id>
			<value>4</value>
		</attribute>
		<attribute>
			<attribute_id>SCHEMATIC_INTERFACE</attribute_id>
			<value>M1 DMI C</value>
		</attribute>
	</target_instance>
	<target_instance>
		<id>unit-mcs-venice</id>
		<instance_id>mcs-5</instance_id>
		<attribute>
			<attribute_id>CHIP_UNIT</attribute_id>
			<value>5</value>
		</attribute>
		<attribute>
			<attribute_id>SCHEMATIC_INTERFACE</attribute_id>
			<value>M1 DMI D</value>
		</attribute>
	</target_instance>
	<target_instance>
		<id>unit-mcs-venice</id>
		<instance_id>mcs-6</instance_id>
		<attribute>
			<attribute_id>CHIP_UNIT</attribute_id>
			<value>6</value>
		</attribute>
		<attribute>
			<attribute_id>SCHEMATIC_INTERFACE</attribute_id>
			<value>M0 DMI C</value>
		</attribute>
	</target_instance>
	<target_instance>
		<id>unit-mcs-venice</id>
		<instance_id>mcs-7</instance_id>
		<attribute>
			<attribute_id>CHIP_UNIT</attribute_id>
			<value>7</value>
		</attribute>
		<attribute>
			<attribute_id>SCHEMATIC_INTERFACE</attribute_id>
			<value>M0 DMI C</value>
		</attribute>
	</target_instance>

	<target_instance>
		<id>unit-capp-venice</id>
		<instance_id>capp-0</instance_id>
		<attribute>
			<attribute_id>CHIP_UNIT</attribute_id>
			<value>0</value>
		</attribute>
	</target_instance>
	<target_instance>
		<id>unit-xbus-venice</id>
		<instance_id>xbus-0</instance_id>
		<attribute>
			<attribute_id>CHIP_UNIT</attribute_id>
			<value>0</value>
		</attribute>
	</target_instance>
	<target_instance>
		<id>unit-xbus-venice</id>
		<instance_id>xbus-1</instance_id>
		<attribute>
			<attribute_id>CHIP_UNIT</attribute_id>
			<value>1</value>
		</attribute>
	</target_instance>
	<target_instance>
		<id>unit-xbus-venice</id>
		<instance_id>xbus-2</instance_id>
		<attribute>
			<attribute_id>CHIP_UNIT</attribute_id>
			<value>2</value>
		</attribute>
	</target_instance>
	<target_instance>
		<id>unit-xbus-venice</id>
		<instance_id>xbus-3</instance_id>
		<attribute>
			<attribute_id>CHIP_UNIT</attribute_id>
			<value>3</value>
		</attribute>
	</target_instance>

	<target_instance>
		<id>unit-abus-venice</id>
		<instance_id>abus-0</instance_id>
		<attribute>
			<attribute_id>CHIP_UNIT</attribute_id>
			<value>0</value>
		</attribute>
	</target_instance>
	<target_instance>
		<id>unit-abus-venice</id>
		<instance_id>abus-1</instance_id>
		<attribute>
			<attribute_id>CHIP_UNIT</attribute_id>
			<value>1</value>
		</attribute>
	</target_instance>
	<target_instance>
		<id>unit-abus-venice</id>
		<instance_id>abus-2</instance_id>
		<attribute>
			<attribute_id>CHIP_UNIT</attribute_id>
			<value>2</value>
		</attribute>
	</target_instance>
	<target_instance>
		<id>unit-fsi-slave</id>
		<instance_id>fsi-slave-0</instance_id>
		<attribute>
			<attribute_id>CHIP_UNIT</attribute_id>
			<value>0</value>
		</attribute>
	</target_instance>

	<target_instance>
		<id>unit-fsi-membuf</id>
		<instance_id>fsi-cm-0</instance_id>
		<attribute>
			<attribute_id>CHIP_UNIT</attribute_id>
			<value>0</value>
		</attribute>
		<attribute>
			<attribute_id>CMFSI</attribute_id>
			<value>0</value>
		</attribute>
		<attribute>
			<attribute_id>FSI_ENGINE</attribute_id>
			<value>0x0C</value>
		</attribute>
		<attribute>
			<attribute_id>FSI_PORT</attribute_id>
			<value>2</value>
		</attribute>
		<attribute>
			<attribute_id>FSI_LINK</attribute_id>
			<value>0x00</value>
		</attribute>
	</target_instance>
	<target_instance>
		<id>unit-fsi-membuf</id>
		<instance_id>fsi-cm-1</instance_id>
		<attribute>
			<attribute_id>CHIP_UNIT</attribute_id>
			<value>1</value>
		</attribute>
		<attribute>
			<attribute_id>CMFSI</attribute_id>
			<value>0</value>
		</attribute>
		<attribute>
			<attribute_id>FSI_ENGINE</attribute_id>
			<value>0x0C</value>
		</attribute>
		<attribute>
			<attribute_id>FSI_PORT</attribute_id>
			<value>3</value>
		</attribute>
		<attribute>
			<attribute_id>FSI_LINK</attribute_id>
			<value>0x01</value>
		</attribute>
	</target_instance>
	<target_instance>
		<id>unit-fsi-membuf</id>
		<instance_id>fsi-cm-2</instance_id>
		<attribute>
			<attribute_id>CHIP_UNIT</attribute_id>
			<value>2</value>
		</attribute>
		<attribute>
			<attribute_id>CMFSI</attribute_id>
			<value>0</value>
		</attribute>
		<attribute>
			<attribute_id>FSI_ENGINE</attribute_id>
			<value>0x0C</value>
		</attribute>
		<attribute>
			<attribute_id>FSI_PORT</attribute_id>
			<value>6</value>
		</attribute>
		<attribute>
			<attribute_id>FSI_LINK</attribute_id>
			<value>0x02</value>
		</attribute>
	</target_instance>
	<target_instance>
		<id>unit-fsi-membuf</id>
		<instance_id>fsi-cm-3</instance_id>
		<attribute>
			<attribute_id>CHIP_UNIT</attribute_id>
			<value>3</value>
		</attribute>
		<attribute>
			<attribute_id>CMFSI</attribute_id>
			<value>0</value>
		</attribute>
		<attribute>
			<attribute_id>FSI_ENGINE</attribute_id>
			<value>0x0C</value>
		</attribute>
		<attribute>
			<attribute_id>FSI_PORT</attribute_id>
			<value>7</value>
		</attribute>
		<attribute>
			<attribute_id>FSI_LINK</attribute_id>
			<value>0x03</value>
		</attribute>
	</target_instance>
	<target_instance>
		<id>unit-i2c-slave</id>
		<instance_id>i2c-slave</instance_id>
		<attribute>
			<attribute_id>CHIP_UNIT</attribute_id>
			<value>0</value>
		</attribute>
	</target_instance>
	<target_instance>
		<id>unit-i2c-master</id>
		<instance_id>i2c-master-lightpath</instance_id>
		<attribute>
			<attribute_id>CHIP_UNIT</attribute_id>
			<value>0</value>
		</attribute>
		<attribute>
			<attribute_id>I2C_PORT</attribute_id>
			<value>0x00</value>
		</attribute>
		<attribute>
			<attribute_id>I2C_ENGINE</attribute_id>
			<value>0x01</value>
		</attribute>
	</target_instance>
	<target_instance>
		<id>unit-i2c-master</id>
		<instance_id>i2c-master-hotplug</instance_id>
		<attribute>
			<attribute_id>CHIP_UNIT</attribute_id>
			<value>1</value>
		</attribute>
		<attribute>
			<attribute_id>I2C_PORT</attribute_id>
			<value>0x01</value>
		</attribute>
		<attribute>
			<attribute_id>I2C_ENGINE</attribute_id>
			<value>0x01</value>
		</attribute>
	</target_instance>
	<target_instance>
		<id>unit-fsi-proc</id>
		<instance_id>fsim-0</instance_id>
		<attribute>
			<attribute_id>CHIP_UNIT</attribute_id>
			<value>0</value>
		</attribute>
		<attribute>
			<attribute_id>FSI_ENGINE</attribute_id>
			<value>0x0D</value>
		</attribute>
		<attribute>
			<attribute_id>FSI_PORT</attribute_id>
			<value>0</value>
		</attribute>
		<attribute>
			<attribute_id>FSI_LINK</attribute_id>
			<value>0x00</value>
		</attribute>
	</target_instance>
	<target_instance>
		<id>unit-fsi-proc</id>
		<instance_id>fsim-1</instance_id>
		<attribute>
			<attribute_id>CHIP_UNIT</attribute_id>
			<value>1</value>
		</attribute>
		<attribute>
			<attribute_id>FSI_ENGINE</attribute_id>
			<value>0x0D</value>
		</attribute>
		<attribute>
			<attribute_id>FSI_PORT</attribute_id>
			<value>1</value>
		</attribute>
		<attribute>
			<attribute_id>FSI_LINK</attribute_id>
			<value>0x01</value>
		</attribute>
	</target_instance>
	<target_instance>
		<id>unit-fsi-proc</id>
		<instance_id>fsim-2</instance_id>
		<attribute>
			<attribute_id>CHIP_UNIT</attribute_id>
			<value>2</value>
		</attribute>
		<attribute>
			<attribute_id>FSI_ENGINE</attribute_id>
			<value>0x0D</value>
		</attribute>
		<attribute>
			<attribute_id>FSI_PORT</attribute_id>
			<value>2</value>
		</attribute>
		<attribute>
			<attribute_id>FSI_LINK</attribute_id>
			<value>0x02</value>
		</attribute>
	</target_instance>
	<target_instance>
		<id>chip-vpd-device</id>
		<instance_id>mvpd_primary</instance_id>
		<attribute>
			<attribute_id>VPD_TYPE</attribute_id>
			<value>MVPD</value>
		</attribute>
	</target_instance>
	<target_instance>
		<id>chip-vpd-device</id>
		<instance_id>mvpd_backup</instance_id>
		<attribute>
			<attribute_id>VPD_TYPE</attribute_id>
			<value>MVPD</value>
		</attribute>
	</target_instance>
	<target_instance>
		<id>chip-vpd-device</id>
		<instance_id>sbe_primary</instance_id>
		<attribute>
			<attribute_id>VPD_TYPE</attribute_id>
			<value>SBE</value>
		</attribute>
	</target_instance>
	<target_instance>
		<id>chip-vpd-device</id>
		<instance_id>sbe_backup</instance_id>
		<attribute>
			<attribute_id>VPD_TYPE</attribute_id>
			<value>SBE</value>
		</attribute>
	</target_instance>


	<!-- Centaur -->
	<target_instance>
		<id>chip-membuf-centaur</id>
		<instance_id>membuf</instance_id>
		<child_id>dmi</child_id>
		<child_id>l4</child_id>
		<child_id>mba-0</child_id>
		<child_id>mba-1</child_id>
		<child_id>i2c-master</child_id>
		<child_id>i2c-spare</child_id>
		<child_id>fsi-slave-membuf</child_id>
		<child_id>vddr</child_id>
		<child_id>vpd_assoc_child</child_id>
	</target_instance>
	<target_instance>
		<id>unit-fsicm-slave</id>
		<instance_id>fsi-slave-membuf</instance_id>
		<attribute>
			<attribute_id>CHIP_UNIT</attribute_id>
			<value>0</value>
		</attribute>
	</target_instance>

	<target_instance>
		<id>unit-dmi-centaur</id>
		<instance_id>dmi</instance_id>
		<attribute>
			<attribute_id>CHIP_UNIT</attribute_id>
			<value>0</value>
		</attribute>
	</target_instance>
	<target_instance>
		<id>unit-l4-centaur</id>
		<instance_id>l4</instance_id>
		<attribute>
			<attribute_id>CHIP_UNIT</attribute_id>
			<value>0</value>
		</attribute>
	</target_instance>
	<target_instance>
		<id>unit-mba-centaur</id>
		<instance_id>mba-0</instance_id>
		<attribute>
			<attribute_id>CHIP_UNIT</attribute_id>
			<value>0</value>
		</attribute>
		<attribute>
			<attribute_id>SCHEMATIC_INTERFACE</attribute_id>
			<value>Port A and B</value>
		</attribute>
	</target_instance>
	<target_instance>
		<id>unit-mba-centaur</id>
		<instance_id>mba-1</instance_id>
		<attribute>
			<attribute_id>CHIP_UNIT</attribute_id>
			<value>1</value>
		</attribute>
		<attribute>
			<attribute_id>SCHEMATIC_INTERFACE</attribute_id>
			<value>Port C and D</value>
		</attribute>
	</target_instance>
	<target_instance>
		<id>unit-i2c-master</id>
		<instance_id>i2c-master</instance_id>
		<attribute>
			<attribute_id>CHIP_UNIT</attribute_id>
			<value>0</value>
		</attribute>
		<attribute>
			<attribute_id>I2C_PORT</attribute_id>
			<value>0</value>
		</attribute>
		<attribute>
			<attribute_id>I2C_ENGINE</attribute_id>
			<value>0</value>
		</attribute>
	</target_instance>
	<target_instance>
		<id>unit-i2c-master</id>
		<instance_id>i2c-spare</instance_id>
		<attribute>
			<attribute_id>CHIP_UNIT</attribute_id>
			<value>0</value>
		</attribute>
		<attribute>
			<attribute_id>I2C_PORT</attribute_id>
			<value>1</value>
		</attribute>
		<attribute>
			<attribute_id>I2C_ENGINE</attribute_id>
			<value>0</value>
		</attribute>
	</target_instance>
	<!-- Vreg DEvice -->
	<target_instance>
		<id>chip-vreg-generic</id>
		<instance_id>vreg</instance_id>
		<child_id>vreg_enable</child_id>
		<child_id>vreg_pgood</child_id>
		<child_id>vout</child_id>
	</target_instance>
	<target_instance>
		<id>unit-vreg_enable-generic</id>
		<instance_id>vreg_enable</instance_id>
	</target_instance>
	<target_instance>
		<id>unit-vreg_pgood-generic</id>
		<instance_id>vreg_pgood</instance_id>
	</target_instance>
	<target_instance>
		<id>unit-vreg_vout-generic</id>
		<instance_id>vout</instance_id>
	</target_instance>

	<target_instance>
		<id>unit-power-generic</id>
		<instance_id>vddr</instance_id>
		<attribute>
			<attribute_id>RAIL_NAME</attribute_id>
			<value>VDDR</value>
		</attribute>
	</target_instance>


	<!-- VPD Device -->

	<target_instance>
		<id>chip-vpd-device</id>
		<instance_id>vpdchip</instance_id>
		<child_id>i2c-slave</child_id>
	</target_instance>
	<target_instance>
		<id>chip-membuf_vpd-device</id>
		<instance_id>vpdchip2</instance_id>
		<child_id>i2c-slave</child_id>
		<child_id>vpd_assoc_parent</child_id>
	</target_instance>
	<target_instance>
		<id>chip-planar_vpd-device</id>
		<instance_id>vpdchip3</instance_id>
		<child_id>i2c-slave</child_id>
		<child_id>vpd_assoc_parent</child_id>
	</target_instance>	
	<target_instance>
		<id>chip-spd-device</id>
		<instance_id>spd</instance_id>
		<child_id>i2c-slave</child_id>
	</target_instance>


	<!-- GPIO Expander -->
	<target_instance>
		<id>chip-gpioexp-generic</id>
		<instance_id>gpio_expander</instance_id>
		<child_id>i2c-slave</child_id>
		<child_id>io-0</child_id>
		<child_id>io-1</child_id>
		<child_id>io-2</child_id>
		<child_id>io-3</child_id>
		<child_id>io-4</child_id>
		<child_id>io-5</child_id>
		<child_id>io-6</child_id>
		<child_id>io-7</child_id>
	</target_instance>
	<target_instance>
		<id>unit-gpio-generic</id>
		<instance_id>io-0</instance_id>
		<attribute>
			<attribute_id>CHIP_UNIT</attribute_id>
			<value>0</value>
		</attribute>
		<attribute>
			<attribute_id>SCHEMATIC_INTERFACE</attribute_id>
			<value>IO0</value>
		</attribute>
	</target_instance>
	<target_instance>
		<id>unit-gpio-generic</id>
		<instance_id>io-1</instance_id>
		<attribute>
			<attribute_id>CHIP_UNIT</attribute_id>
			<value>1</value>
		</attribute>
		<attribute>
			<attribute_id>SCHEMATIC_INTERFACE</attribute_id>
			<value>IO1</value>
		</attribute>
	</target_instance>
	<target_instance>
		<id>unit-gpio-generic</id>
		<instance_id>io-2</instance_id>
		<attribute>
			<attribute_id>CHIP_UNIT</attribute_id>
			<value>2</value>
		</attribute>
		<attribute>
			<attribute_id>SCHEMATIC_INTERFACE</attribute_id>
			<value>IO2</value>
		</attribute>

	</target_instance>
	<target_instance>
		<id>unit-gpio-generic</id>
		<instance_id>io-3</instance_id>
		<attribute>
			<attribute_id>CHIP_UNIT</attribute_id>
			<value>3</value>
		</attribute>
		<attribute>
			<attribute_id>SCHEMATIC_INTERFACE</attribute_id>
			<value>IO3</value>
		</attribute>
	</target_instance>
	<target_instance>
		<id>unit-gpio-generic</id>
		<instance_id>io-4</instance_id>
		<attribute>
			<attribute_id>CHIP_UNIT</attribute_id>
			<value>4</value>
		</attribute>
		<attribute>
			<attribute_id>SCHEMATIC_INTERFACE</attribute_id>
			<value>IO4</value>
		</attribute>
	</target_instance>
	<target_instance>
		<id>unit-gpio-generic</id>
		<instance_id>io-5</instance_id>
		<attribute>
			<attribute_id>CHIP_UNIT</attribute_id>
			<value>5</value>
		</attribute>
		<attribute>
			<attribute_id>SCHEMATIC_INTERFACE</attribute_id>
			<value>IO5</value>
		</attribute>
	</target_instance>
	<target_instance>
		<id>unit-gpio-generic</id>
		<instance_id>io-6</instance_id>
		<attribute>
			<attribute_id>CHIP_UNIT</attribute_id>
			<value>6</value>
		</attribute>
		<attribute>
			<attribute_id>SCHEMATIC_INTERFACE</attribute_id>
			<value>IO6</value>
		</attribute>
	</target_instance>
	<target_instance>
		<id>unit-gpio-generic</id>
		<instance_id>io-7</instance_id>
		<attribute>
			<attribute_id>CHIP_UNIT</attribute_id>
			<value>7</value>
		</attribute>
		<attribute>
			<attribute_id>SCHEMATIC_INTERFACE</attribute_id>
			<value>IO7</value>
		</attribute>
	</target_instance>

	<!-- PCIe cards -->
	<target_instance>
		<id>chip-pcie-endpoint</id>
		<instance_id>pci_endpoint</instance_id>
		<child_id>pciep</child_id>
	</target_instance>
	<target_instance>
		<id>card-pciecard-card</id>
		<instance_id>pciecard</instance_id>
		<child_id>pciep</child_id>
	</target_instance>
	<target_instance>
		<id>card-pciecard-cablecard</id>
		<instance_id>pciecablecard</instance_id>
		<child_id>pciep</child_id>
	</target_instance>
	<target_instance>
		<id>unit-pcie-endpoint</id>
		<parent_id>chip-pcie-endpoint</parent_id>
		<instance_id>pciep</instance_id>
		<attribute>
			<attribute_id>CHIP_UNIT</attribute_id>
			<value>0</value>
		</attribute>
	</target_instance>

	<!-- DIMMS -->
	<target_instance>
		<id>lcard-dimm-jedec</id>
		<child_id>ddr3</child_id>
		<child_id>spd</child_id>
	</target_instance>
	<target_instance>
		<id>dimm-cdimm-cdimm</id>
		<child_id>dmi</child_id>
		<child_id>spd</child_id>
	</target_instance>
	<target_instance>
		<id>unit-ddr3-jedec</id>
		<instance_id>ddr3</instance_id>
		<attribute>
			<attribute_id>CHIP_UNIT</attribute_id>
			<value>0</value>
		</attribute>
	</target_instance>

	<target_instance>
		<id>unit-ddr3-jedec</id>
		<parent_id>dimm-cdimm-cdimm</parent_id>
		<instance_id>ddr3</instance_id>
		<attribute>
			<attribute_id>CHIP_UNIT</attribute_id>
			<value>0</value>
		</attribute>
	</target_instance>
	<target_instance>
		<id>unit-logic_assoc-generic</id>
		<instance_id>vpd_assoc_child</instance_id>
		<attribute>
			<attribute_id>CHIP_UNIT</attribute_id>
			<value>0</value>
		</attribute>
		<attribute>
			<attribute_id>ASSOCIATION_TYPE</attribute_id>
			<value>VPD</value>
		</attribute>
		<attribute>
			<attribute_id>DIRECTION</attribute_id>
			<value>IN</value>
		</attribute>
	</target_instance>
	<target_instance>
		<id>unit-logic_assoc-generic</id>
		<instance_id>vpd_assoc_parent</instance_id>
		<attribute>
			<attribute_id>CHIP_UNIT</attribute_id>
			<value>0</value>
		</attribute>
		<attribute>
			<attribute_id>ASSOCIATION_TYPE</attribute_id>
			<value>VPD</value>
		</attribute>
		<attribute>
			<attribute_id>DIRECTION</attribute_id>
			<value>OUT</value>
		</attribute>
	</target_instance>
</target_instances>
