<?xml version="1.0" encoding="UTF-8"?>
<targetInstances>
	<!-- Venice -->

	<targetInstance>
		<type>module-module-turismo</type>
		<id>turismo</id>
		<child_id>proc</child_id>
		<attribute>
			<id>POSITION</id>
			<default>0</default>
		</attribute>
	</targetInstance>
	<targetInstance>
		<type>chip-processor-venice</type>
		<id>proc</id>
		<child_id>ex-1</child_id>
		<child_id>ex-2</child_id>
		<child_id>ex-3</child_id>
		<child_id>ex-4</child_id>
		<child_id>ex-5</child_id>
		<child_id>ex-6</child_id>
		<child_id>ex-9</child_id>
		<child_id>ex-10</child_id>
		<child_id>ex-11</child_id>
		<child_id>ex-12</child_id>
		<child_id>ex-13</child_id>
		<child_id>ex-14</child_id>
		<child_id>pore-0</child_id>
		<child_id>capp-0</child_id>
		<child_id>nx-0</child_id>
		<child_id>occ-0</child_id>
		<child_id>pci_configs</child_id>
		<hidden_child_id>pci-0</hidden_child_id>
		<hidden_child_id>pci-1</hidden_child_id>
		<hidden_child_id>pci-2</hidden_child_id>
		<hidden_child_id>pci-3</hidden_child_id>
		<child_id>abus-0</child_id>
		<child_id>abus-1</child_id>
		<child_id>abus-2</child_id>
		<hidden_child_id>xbus-0</hidden_child_id>
		<hidden_child_id>xbus-1</hidden_child_id>
		<hidden_child_id>xbus-2</hidden_child_id>
		<hidden_child_id>xbus-3</hidden_child_id>
		<child_id>mcs-0</child_id>
		<child_id>mcs-1</child_id>
		<hidden_child_id>mcs-2</hidden_child_id>
		<hidden_child_id>mcs-3</hidden_child_id>
		<child_id>mcs-4</child_id>
		<child_id>mcs-5</child_id>
		<hidden_child_id>mcs-6</hidden_child_id>
		<hidden_child_id>mcs-7</hidden_child_id>
		<child_id>fsi-slave-0</child_id>
		<child_id>fsi-cm-0</child_id>
		<child_id>fsi-cm-1</child_id>
		<child_id>fsi-cm-2</child_id>
		<child_id>fsi-cm-3</child_id>
		<child_id>fsim-0</child_id>
		<child_id>fsim-1</child_id>
		<child_id>fsim-2</child_id>
		<child_id>i2c-slave</child_id>
		<child_id>i2c-master-lightpath</child_id>
		<child_id>i2c-master-hotplug</child_id>

		<attribute>
			<id>POSITION</id>
			<default>0</default>
		</attribute>
	</targetInstance>

	<targetInstance>
		<type>unit-ex-venice</type>
		<id>ex</id>
		<child_id>core-0</child_id>
	</targetInstance>


	<targetInstance>
		<type>unit-ex-venice</type>
		<id>ex-1</id>
		<attribute>
			<id>CHIP_UNIT</id>
			<default>1</default>
		</attribute>
	</targetInstance>
	<targetInstance>
		<type>unit-ex-venice</type>
		<id>ex-2</id>
		<attribute>
			<id>CHIP_UNIT</id>
			<default>2</default>
		</attribute>
	</targetInstance>
	<targetInstance>
		<type>unit-ex-venice</type>
		<id>ex-3</id>
		<attribute>
			<id>CHIP_UNIT</id>
			<default>3</default>
		</attribute>
	</targetInstance>
	<targetInstance>
		<type>unit-ex-venice</type>
		<id>ex-4</id>
		<attribute>
			<id>CHIP_UNIT</id>
			<default>4</default>
		</attribute>
	</targetInstance>
	<targetInstance>
		<type>unit-ex-venice</type>
		<id>ex-5</id>
		<attribute>
			<id>CHIP_UNIT</id>
			<default>5</default>
		</attribute>
	</targetInstance>
	<targetInstance>
		<type>unit-ex-venice</type>
		<id>ex-6</id>
		<attribute>
			<id>CHIP_UNIT</id>
			<default>6</default>
		</attribute>
	</targetInstance>
	<targetInstance>
		<type>unit-ex-venice</type>
		<id>ex-9</id>
		<attribute>
			<id>CHIP_UNIT</id>
			<default>9</default>
		</attribute>
	</targetInstance>
	<targetInstance>
		<type>unit-ex-venice</type>
		<id>ex-10</id>
		<attribute>
			<id>CHIP_UNIT</id>
			<default>10</default>
		</attribute>
	</targetInstance>
	<targetInstance>
		<type>unit-ex-venice</type>
		<id>ex-11</id>
		<attribute>
			<id>CHIP_UNIT</id>
			<default>11</default>
		</attribute>
	</targetInstance>
	<targetInstance>
		<type>unit-ex-venice</type>
		<id>ex-12</id>
		<attribute>
			<id>CHIP_UNIT</id>
			<default>12</default>
		</attribute>
	</targetInstance>
	<targetInstance>
		<type>unit-ex-venice</type>
		<id>ex-13</id>
		<attribute>
			<id>CHIP_UNIT</id>
			<default>13</default>
		</attribute>
	</targetInstance>
	<targetInstance>
		<type>unit-ex-venice</type>
		<id>ex-14</id>
		<attribute>
			<id>CHIP_UNIT</id>
			<default>14</default>
		</attribute>
	</targetInstance>
	<targetInstance>
		<type>unit-core-venice</type>
		<id>core-0</id>
		<attribute>
			<id>CHIP_UNIT</id>
			<default>0</default>
		</attribute>
	</targetInstance>
	<targetInstance>
		<type>unit-pore-venice</type>
		<id>pore-0</id>
		<attribute>
			<id>CHIP_UNIT</id>
			<default>0</default>
		</attribute>
	</targetInstance>
	<targetInstance>
		<type>unit-nx-venice</type>
		<id>nx-0</id>
		<attribute>
			<id>CHIP_UNIT</id>
			<default>0</default>
		</attribute>
	</targetInstance>
	<targetInstance>
		<type>occ</type>
		<id>occ-0</id>
		<attribute>
			<id>CHIP_UNIT</id>
			<default>0</default>
		</attribute>
	</targetInstance>

	<!-- PCIe instances -->
	<targetInstance>
		<type>unit-pciconfig-venice</type>
		<id>pci_configs</id>
		<child_id>iop0_config0_phb0_x16</child_id>
		<child_id>iop1_config0_phb1_x16</child_id>
		<child_id>iop1_config1_phb1_x8</child_id>
		<child_id>iop1_config1_phb2_x8</child_id>
	</targetInstance>

	<!-- IOP0 config 0: PHB0=x16 -->
	<targetInstance>
		<type>unit-pci-venice</type>
		<id>iop0_config0_phb0_x16</id>
		<attribute>
			<id>CHIP_UNIT</id>
			<default>0</default>
		</attribute>
		<attribute>
			<id>PCIE_NUM_LANES</id>
			<default>16</default>
		</attribute>
		<attribute>
			<id>PCIE_LANE_MASK</id>
			<default>0xFFFF</default>
		</attribute>
		<attribute>
			<id>PCIE_LANE_SET</id>
			<default>0</default>
		</attribute>
		<attribute>
			<id>PHB_NUM</id>
			<default>0</default>
		</attribute>
		<attribute>
			<id>IOP_NUM</id>
			<default>0</default>
		</attribute>
		<attribute>
			<id>PCIE_CONFIG_NUM</id>
			<default>0</default>
		</attribute>
		<attribute>
			<id>SCHEMATIC_INTERFACE</id>
			<default>PCIE E0</default>
		</attribute>
	</targetInstance>
	<!-- IOP1 config: PHB1=x16 -->
	<targetInstance>
		<type>unit-pci-venice</type>
		<id>iop1_config0_phb1_x16</id>
		<attribute>
			<id>CHIP_UNIT</id>
			<default>1</default>
		</attribute>
		<attribute>
			<id>PCIE_NUM_LANES</id>
			<default>16</default>
		</attribute>
		<attribute>
			<id>PCIE_LANE_MASK</id>
			<default>0xFFFF</default>
		</attribute>
		<attribute>
			<id>PCIE_LANE_SET</id>
			<default>0</default>
		</attribute>
		<attribute>
			<id>PHB_NUM</id>
			<default>1</default>
		</attribute>
		<attribute>
			<id>IOP_NUM</id>
			<default>1</default>
		</attribute>
		<attribute>
			<id>PCIE_CONFIG_NUM</id>
			<default>0</default>
		</attribute>
		<attribute>
			<id>SCHEMATIC_INTERFACE</id>
			<default>PCIE E1</default>
		</attribute>
	</targetInstance>

	<!-- IOP1 config 1: PHB1=x8, PHB2=x8 -->
	<targetInstance>
		<type>unit-pci-venice</type>
		<id>iop1_config1_phb1_x8</id>
		<attribute>
			<id>CHIP_UNIT</id>
			<default>1</default>
		</attribute>
		<attribute>
			<id>PCIE_NUM_LANES</id>
			<default>8</default>
		</attribute>
		<attribute>
			<id>PCIE_LANE_MASK</id>
			<default>0xFF00</default>
		</attribute>
		<attribute>
			<id>PCIE_LANE_SET</id>
			<default>0</default>
		</attribute>
		<attribute>
			<id>PHB_NUM</id>
			<default>1</default>
		</attribute>
		<attribute>
			<id>IOP_NUM</id>
			<default>1</default>
		</attribute>
		<attribute>
			<id>PCIE_CONFIG_NUM</id>
			<default>1</default>
		</attribute>
		<attribute>
			<id>SCHEMATIC_INTERFACE</id>
			<default>PCIE E1</default>
		</attribute>
	</targetInstance>
	<targetInstance>
		<type>unit-pci-venice</type>
		<id>iop1_config1_phb2_x8</id>
		<attribute>
			<id>CHIP_UNIT</id>
			<default>1</default>
		</attribute>
		<attribute>
			<id>PCIE_NUM_LANES</id>
			<default>8</default>
		</attribute>
		<attribute>
			<id>PCIE_LANE_MASK</id>
			<default>0x00FF</default>
		</attribute>
		<attribute>
			<id>PCIE_LANE_SET</id>
			<default>1</default>
		</attribute>
		<attribute>
			<id>PHB_NUM</id>
			<default>2</default>
		</attribute>
		<attribute>
			<id>IOP_NUM</id>
			<default>1</default>
		</attribute>
		<attribute>
			<id>PCIE_CONFIG_NUM</id>
			<default>1</default>
		</attribute>
		<attribute>
			<id>SCHEMATIC_INTERFACE</id>
			<default>PCIE E1</default>
		</attribute>
	</targetInstance>
	<targetInstance>
		<type>unit-pci-venice</type>
		<id>pci-0</id>
		<attribute>
			<id>CHIP_UNIT</id>
			<default>0</default>
		</attribute>
	</targetInstance>
	<targetInstance>
		<type>unit-pci-venice</type>
		<id>pci-1</id>
		<attribute>
			<id>CHIP_UNIT</id>
			<default>1</default>
		</attribute>
	</targetInstance>
	<targetInstance>
		<type>unit-pci-venice</type>
		<id>pci-2</id>
		<attribute>
			<id>CHIP_UNIT</id>
			<default>2</default>
		</attribute>
	</targetInstance>
	<targetInstance>
		<type>unit-pci-venice</type>
		<id>pci-3</id>
		<attribute>
			<id>CHIP_UNIT</id>
			<default>3</default>
		</attribute>
	</targetInstance>
	<targetInstance>
		<type>unit-mcs-venice</type>
		<id>mcs-0</id>
		<attribute>
			<id>CHIP_UNIT</id>
			<default>0</default>
		</attribute>
		<attribute>
			<id>SCHEMATIC_INTERFACE</id>
			<default>M1 DMI C</default>
		</attribute>
	</targetInstance>
	<targetInstance>
		<type>unit-mcs-venice</type>
		<id>mcs-1</id>
		<attribute>
			<id>CHIP_UNIT</id>
			<default>1</default>
		</attribute>
		<attribute>
			<id>SCHEMATIC_INTERFACE</id>
			<default>M1 DMI D</default>
		</attribute>
	</targetInstance>
	<targetInstance>
		<type>unit-mcs-venice</type>
		<id>mcs-2</id>
		<attribute>
			<id>CHIP_UNIT</id>
			<default>2</default>
		</attribute>
		<attribute>
			<id>SCHEMATIC_INTERFACE</id>
			<default>M1 DMI A</default>
		</attribute>
	</targetInstance>
	<targetInstance>
		<type>unit-mcs-venice</type>
		<id>mcs-3</id>
		<attribute>
			<id>CHIP_UNIT</id>
			<default>3</default>
		</attribute>
		<attribute>
			<id>SCHEMATIC_INTERFACE</id>
			<default>M1 DMI B</default>
		</attribute>
	</targetInstance>

	<targetInstance>
		<type>unit-mcs-venice</type>
		<id>mcs-4</id>
		<attribute>
			<id>CHIP_UNIT</id>
			<default>4</default>
		</attribute>
		<attribute>
			<id>SCHEMATIC_INTERFACE</id>
			<default>M0 DMI C</default>
		</attribute>
	</targetInstance>
	<targetInstance>
		<type>unit-mcs-venice</type>
		<id>mcs-5</id>
		<attribute>
			<id>CHIP_UNIT</id>
			<default>5</default>
		</attribute>
		<attribute>
			<id>SCHEMATIC_INTERFACE</id>
			<default>M0 DMI D</default>
		</attribute>
	</targetInstance>
	<targetInstance>
		<type>unit-mcs-venice</type>
		<id>mcs-6</id>
		<attribute>
			<id>CHIP_UNIT</id>
			<default>6</default>
		</attribute>
		<attribute>
			<id>SCHEMATIC_INTERFACE</id>
			<default>M0 DMI C</default>
		</attribute>
	</targetInstance>
	<targetInstance>
		<type>unit-mcs-venice</type>
		<id>mcs-7</id>
		<attribute>
			<id>CHIP_UNIT</id>
			<default>7</default>
		</attribute>
		<attribute>
			<id>SCHEMATIC_INTERFACE</id>
			<default>M0 DMI C</default>
		</attribute>
	</targetInstance>

	<targetInstance>
		<type>unit-capp-venice</type>
		<id>capp-0</id>
		<attribute>
			<id>CHIP_UNIT</id>
			<default>0</default>
		</attribute>
	</targetInstance>
	<targetInstance>
		<type>unit-xbus-venice</type>
		<id>xbus-0</id>
		<attribute>
			<id>CHIP_UNIT</id>
			<default>0</default>
		</attribute>
	</targetInstance>
	<targetInstance>
		<type>unit-xbus-venice</type>
		<id>xbus-1</id>
		<attribute>
			<id>CHIP_UNIT</id>
			<default>1</default>
		</attribute>
	</targetInstance>
	<targetInstance>
		<type>unit-xbus-venice</type>
		<id>xbus-2</id>
		<attribute>
			<id>CHIP_UNIT</id>
			<default>2</default>
		</attribute>
	</targetInstance>
	<targetInstance>
		<type>unit-xbus-venice</type>
		<id>xbus-3</id>
		<attribute>
			<id>CHIP_UNIT</id>
			<default>3</default>
		</attribute>
	</targetInstance>

	<targetInstance>
		<type>unit-abus-venice</type>
		<id>abus-0</id>
		<attribute>
			<id>CHIP_UNIT</id>
			<default>0</default>
		</attribute>
	</targetInstance>
	<targetInstance>
		<type>unit-abus-venice</type>
		<id>abus-1</id>
		<attribute>
			<id>CHIP_UNIT</id>
			<default>1</default>
		</attribute>
	</targetInstance>
	<targetInstance>
		<type>unit-abus-venice</type>
		<id>abus-2</id>
		<attribute>
			<id>CHIP_UNIT</id>
			<default>2</default>
		</attribute>
	</targetInstance>
	<targetInstance>
		<type>unit-fsi-slave</type>
		<id>fsi-slave-0</id>
		<attribute>
			<id>CHIP_UNIT</id>
			<default>0</default>
		</attribute>
	</targetInstance>

	<targetInstance>
		<type>unit-fsi-membuf</type>
		<id>fsi-cm-0</id>
		<attribute>
			<id>CHIP_UNIT</id>
			<default>0</default>
		</attribute>
		<attribute>
			<id>CMFSI</id>
			<default>0</default>
		</attribute>
		<attribute>
			<id>FSI_ENGINE</id>
			<default>0x0C</default>
		</attribute>
		<attribute>
			<id>FSI_PORT</id>
			<default>2</default>
		</attribute>
		<attribute>
			<id>FSI_LINK</id>
			<default>0x00</default>
		</attribute>
	</targetInstance>
	<targetInstance>
		<type>unit-fsi-membuf</type>
		<id>fsi-cm-1</id>
		<attribute>
			<id>CHIP_UNIT</id>
			<default>1</default>
		</attribute>
		<attribute>
			<id>CMFSI</id>
			<default>0</default>
		</attribute>
		<attribute>
			<id>FSI_ENGINE</id>
			<default>0x0C</default>
		</attribute>
		<attribute>
			<id>FSI_PORT</id>
			<default>3</default>
		</attribute>
		<attribute>
			<id>FSI_LINK</id>
			<default>0x01</default>
		</attribute>
	</targetInstance>
	<targetInstance>
		<type>unit-fsi-membuf</type>
		<id>fsi-cm-2</id>
		<attribute>
			<id>CHIP_UNIT</id>
			<default>2</default>
		</attribute>
		<attribute>
			<id>CMFSI</id>
			<default>0</default>
		</attribute>
		<attribute>
			<id>FSI_ENGINE</id>
			<default>0x0C</default>
		</attribute>
		<attribute>
			<id>FSI_PORT</id>
			<default>6</default>
		</attribute>
		<attribute>
			<id>FSI_LINK</id>
			<default>0x02</default>
		</attribute>
	</targetInstance>
	<targetInstance>
		<type>unit-fsi-membuf</type>
		<id>fsi-cm-3</id>
		<attribute>
			<id>CHIP_UNIT</id>
			<default>3</default>
		</attribute>
		<attribute>
			<id>CMFSI</id>
			<default>0</default>
		</attribute>
		<attribute>
			<id>FSI_ENGINE</id>
			<default>0x0C</default>
		</attribute>
		<attribute>
			<id>FSI_PORT</id>
			<default>7</default>
		</attribute>
		<attribute>
			<id>FSI_LINK</id>
			<default>0x03</default>
		</attribute>
	</targetInstance>
	<targetInstance>
		<type>unit-i2c-slave</type>
		<id>i2c-slave</id>
		<attribute>
			<id>CHIP_UNIT</id>
			<default>0</default>
		</attribute>
	</targetInstance>
	<targetInstance>
		<type>unit-i2c-master</type>
		<id>i2c-master-lightpath</id>
		<attribute>
			<id>CHIP_UNIT</id>
			<default>0</default>
		</attribute>
		<attribute>
			<id>I2C_PORT</id>
			<default>0x02</default>
		</attribute>
		<attribute>
			<id>I2C_ENGINE</id>
			<default>0x01</default>
		</attribute>
	</targetInstance>
	<targetInstance>
		<type>unit-i2c-master</type>
		<id>i2c-master-hotplug</id>
		<attribute>
			<id>CHIP_UNIT</id>
			<default>1</default>
		</attribute>
		<attribute>
			<id>I2C_PORT</id>
			<default>0x01</default>
		</attribute>
		<attribute>
			<id>I2C_ENGINE</id>
			<default>0x01</default>
		</attribute>
	</targetInstance>
	<targetInstance>
		<type>unit-fsi-proc</type>
		<id>fsim-0</id>
		<attribute>
			<id>CHIP_UNIT</id>
			<default>0</default>
		</attribute>
		<attribute>
			<id>FSI_ENGINE</id>
			<default>0x0D</default>
		</attribute>
		<attribute>
			<id>FSI_PORT</id>
			<default>0</default>
		</attribute>
		<attribute>
			<id>FSI_LINK</id>
			<default>0x00</default>
		</attribute>
	</targetInstance>
	<targetInstance>
		<type>unit-fsi-proc</type>
		<id>fsim-1</id>
		<attribute>
			<id>CHIP_UNIT</id>
			<default>1</default>
		</attribute>
		<attribute>
			<id>FSI_ENGINE</id>
			<default>0x0D</default>
		</attribute>
		<attribute>
			<id>FSI_PORT</id>
			<default>1</default>
		</attribute>
		<attribute>
			<id>FSI_LINK</id>
			<default>0x01</default>
		</attribute>
	</targetInstance>
	<targetInstance>
		<type>unit-fsi-proc</type>
		<id>fsim-2</id>
		<attribute>
			<id>CHIP_UNIT</id>
			<default>2</default>
		</attribute>
		<attribute>
			<id>FSI_ENGINE</id>
			<default>0x0D</default>
		</attribute>
		<attribute>
			<id>FSI_PORT</id>
			<default>2</default>
		</attribute>
		<attribute>
			<id>FSI_LINK</id>
			<default>0x02</default>
		</attribute>
	</targetInstance>
	<targetInstance>
		<type>chip-vpd-device</type>
		<id>mvpd_primary</id>
		<attribute>
			<id>VPD_TYPE</id>
			<default>MVPD</default>
		</attribute>
	</targetInstance>
	<targetInstance>
		<type>chip-vpd-device</type>
		<id>mvpd_backup</id>
		<attribute>
			<id>VPD_TYPE</id>
			<default>MVPD</default>
		</attribute>
	</targetInstance>
	<targetInstance>
		<type>chip-vpd-device</type>
		<id>sbe_primary</id>
		<attribute>
			<id>VPD_TYPE</id>
			<default>SBE</default>
		</attribute>
	</targetInstance>
	<targetInstance>
		<type>chip-vpd-device</type>
		<id>sbe_backup</id>
		<attribute>
			<id>VPD_TYPE</id>
			<default>SBE</default>
		</attribute>
	</targetInstance>


	<!-- Centaur -->
	<targetInstance>
		<type>chip-membuf-centaur</type>
		<id>membuf</id>
		<child_id>dmi</child_id>
		<child_id>l4</child_id>
		<child_id>mba-0</child_id>
		<child_id>mba-1</child_id>
		<child_id>i2c-master</child_id>
		<child_id>i2c-spare</child_id>
		<child_id>fsi-slave-membuf</child_id>
		<child_id>vddr</child_id>
		<child_id>vpd_assoc_child</child_id>
	</targetInstance>
	<targetInstance>
		<type>unit-fsicm-slave</type>
		<id>fsi-slave-membuf</id>
		<attribute>
			<id>CHIP_UNIT</id>
			<default>0</default>
		</attribute>
	</targetInstance>

	<targetInstance>
		<type>unit-dmi-centaur</type>
		<id>dmi</id>
		<attribute>
			<id>CHIP_UNIT</id>
			<default>0</default>
		</attribute>
	</targetInstance>
	<targetInstance>
		<type>unit-l4-centaur</type>
		<id>l4</id>
		<attribute>
			<id>CHIP_UNIT</id>
			<default>0</default>
		</attribute>
	</targetInstance>
	<targetInstance>
		<type>unit-mba-centaur</type>
		<id>mba-0</id>
		<attribute>
			<id>CHIP_UNIT</id>
			<default>0</default>
		</attribute>
		<attribute>
			<id>SCHEMATIC_INTERFACE</id>
			<default>Port A and B</default>
		</attribute>
	</targetInstance>
	<targetInstance>
		<type>unit-mba-centaur</type>
		<id>mba-1</id>
		<attribute>
			<id>CHIP_UNIT</id>
			<default>1</default>
		</attribute>
		<attribute>
			<id>SCHEMATIC_INTERFACE</id>
			<default>Port C and D</default>
		</attribute>
	</targetInstance>
	<targetInstance>
		<type>unit-i2c-master</type>
		<id>i2c-master</id>
		<attribute>
			<id>CHIP_UNIT</id>
			<default>0</default>
		</attribute>
		<attribute>
			<id>I2C_PORT</id>
			<default>0</default>
		</attribute>
		<attribute>
			<id>I2C_ENGINE</id>
			<default>0</default>
		</attribute>
	</targetInstance>
	<targetInstance>
		<type>unit-i2c-master</type>
		<id>i2c-spare</id>
		<attribute>
			<id>CHIP_UNIT</id>
			<default>0</default>
		</attribute>
		<attribute>
			<id>I2C_PORT</id>
			<default>1</default>
		</attribute>
		<attribute>
			<id>I2C_ENGINE</id>
			<default>0</default>
		</attribute>
	</targetInstance>
	<!-- Vreg DEvice -->
	<targetInstance>
		<type>chip-vreg-generic</type>
		<id>vreg</id>
		<child_id>vreg_enable</child_id>
		<child_id>vreg_pgood</child_id>
		<child_id>vout</child_id>
	</targetInstance>
	<targetInstance>
		<type>unit-vreg_enable-generic</type>
		<id>vreg_enable</id>
	</targetInstance>
	<targetInstance>
		<type>unit-vreg_pgood-generic</type>
		<id>vreg_pgood</id>
	</targetInstance>
	<targetInstance>
		<type>unit-vreg_vout-generic</type>
		<id>vout</id>
	</targetInstance>

	<targetInstance>
		<type>unit-power-generic</type>
		<id>vddr</id>
		<attribute>
			<id>RAIL_NAME</id>
			<default>VDDR</default>
		</attribute>
	</targetInstance>


	<!-- VPD Device -->

	<targetInstance>
		<type>chip-vpd-device</type>
		<id>vpdchip</id>
		<child_id>i2c-slave</child_id>
	</targetInstance>
	<targetInstance>
		<type>chip-membuf_vpd-device</type>
		<id>vpdchip2</id>
		<child_id>i2c-slave</child_id>
		<child_id>vpd_assoc_parent</child_id>
	</targetInstance>
	<targetInstance>
		<type>chip-planar_vpd-device</type>
		<id>vpdchip3</id>
		<child_id>i2c-slave</child_id>
		<child_id>vpd_assoc_parent</child_id>
	</targetInstance>
	<targetInstance>
		<type>chip-spd-device</type>
		<id>spd</id>
		<child_id>i2c-slave</child_id>
	</targetInstance>


	<!-- GPIO Expander -->
	<targetInstance>
		<type>chip-gpioexp-generic</type>
		<id>gpio_expander</id>
		<child_id>i2c-slave</child_id>
		<child_id>io-0</child_id>
		<child_id>io-1</child_id>
		<child_id>io-2</child_id>
		<child_id>io-3</child_id>
		<child_id>io-4</child_id>
		<child_id>io-5</child_id>
		<child_id>io-6</child_id>
		<child_id>io-7</child_id>
		<child_id>io1-0</child_id>
		<child_id>io1-1</child_id>
		<child_id>io1-2</child_id>
		<child_id>io1-3</child_id>
		<child_id>io1-4</child_id>
		<child_id>io1-5</child_id>
		<child_id>io1-6</child_id>
		<child_id>io1-7</child_id>

	</targetInstance>
	<targetInstance>
		<type>unit-gpio-generic</type>
		<id>io-0</id>
		<attribute>
			<id>CHIP_UNIT</id>
			<default>0</default>
		</attribute>
		<attribute>
			<id>SCHEMATIC_INTERFACE</id>
			<default>IO0</default>
		</attribute>
	</targetInstance>
	<targetInstance>
		<type>unit-gpio-generic</type>
		<id>io-1</id>
		<attribute>
			<id>CHIP_UNIT</id>
			<default>1</default>
		</attribute>
		<attribute>
			<id>SCHEMATIC_INTERFACE</id>
			<default>IO1</default>
		</attribute>
	</targetInstance>
	<targetInstance>
		<type>unit-gpio-generic</type>
		<id>io-2</id>
		<attribute>
			<id>CHIP_UNIT</id>
			<default>2</default>
		</attribute>
		<attribute>
			<id>SCHEMATIC_INTERFACE</id>
			<default>IO2</default>
		</attribute>

	</targetInstance>
	<targetInstance>
		<type>unit-gpio-generic</type>
		<id>io-3</id>
		<attribute>
			<id>CHIP_UNIT</id>
			<default>3</default>
		</attribute>
		<attribute>
			<id>SCHEMATIC_INTERFACE</id>
			<default>IO3</default>
		</attribute>
	</targetInstance>
	<targetInstance>
		<type>unit-gpio-generic</type>
		<id>io-4</id>
		<attribute>
			<id>CHIP_UNIT</id>
			<default>4</default>
		</attribute>
		<attribute>
			<id>SCHEMATIC_INTERFACE</id>
			<default>IO4</default>
		</attribute>
	</targetInstance>
	<targetInstance>
		<type>unit-gpio-generic</type>
		<id>io-5</id>
		<attribute>
			<id>CHIP_UNIT</id>
			<default>5</default>
		</attribute>
		<attribute>
			<id>SCHEMATIC_INTERFACE</id>
			<default>IO5</default>
		</attribute>
	</targetInstance>
	<targetInstance>
		<type>unit-gpio-generic</type>
		<id>io-6</id>
		<attribute>
			<id>CHIP_UNIT</id>
			<default>6</default>
		</attribute>
		<attribute>
			<id>SCHEMATIC_INTERFACE</id>
			<default>IO6</default>
		</attribute>
	</targetInstance>
	<targetInstance>
		<type>unit-gpio-generic</type>
		<id>io-7</id>
		<attribute>
			<id>CHIP_UNIT</id>
			<default>7</default>
		</attribute>
		<attribute>
			<id>SCHEMATIC_INTERFACE</id>
			<default>IO7</default>
		</attribute>
	</targetInstance>
	<targetInstance>
		<type>unit-gpio-generic</type>
		<id>io1-0</id>
		<attribute>
			<id>CHIP_UNIT</id>
			<default>8</default>
		</attribute>
		<attribute>
			<id>SCHEMATIC_INTERFACE</id>
			<default>IO1.0</default>
		</attribute>
	</targetInstance>
	<targetInstance>
		<type>unit-gpio-generic</type>
		<id>io1-1</id>
		<attribute>
			<id>CHIP_UNIT</id>
			<default>9</default>
		</attribute>
		<attribute>
			<id>SCHEMATIC_INTERFACE</id>
			<default>IO1.1</default>
		</attribute>
	</targetInstance>
	<targetInstance>
		<type>unit-gpio-generic</type>
		<id>io1-2</id>
		<attribute>
			<id>CHIP_UNIT</id>
			<default>10</default>
		</attribute>
		<attribute>
			<id>SCHEMATIC_INTERFACE</id>
			<default>IO1.2</default>
		</attribute>

	</targetInstance>
	<targetInstance>
		<type>unit-gpio-generic</type>
		<id>io1-3</id>
		<attribute>
			<id>CHIP_UNIT</id>
			<default>11</default>
		</attribute>
		<attribute>
			<id>SCHEMATIC_INTERFACE</id>
			<default>IO1.3</default>
		</attribute>
	</targetInstance>
	<targetInstance>
		<type>unit-gpio-generic</type>
		<id>io1-4</id>
		<attribute>
			<id>CHIP_UNIT</id>
			<default>12</default>
		</attribute>
		<attribute>
			<id>SCHEMATIC_INTERFACE</id>
			<default>IO1.4</default>
		</attribute>
	</targetInstance>
	<targetInstance>
		<type>unit-gpio-generic</type>
		<id>io1-5</id>
		<attribute>
			<id>CHIP_UNIT</id>
			<default>13</default>
		</attribute>
		<attribute>
			<id>SCHEMATIC_INTERFACE</id>
			<default>IO1.5</default>
		</attribute>
	</targetInstance>
	<targetInstance>
		<type>unit-gpio-generic</type>
		<id>io1-6</id>
		<attribute>
			<id>CHIP_UNIT</id>
			<default>14</default>
		</attribute>
		<attribute>
			<id>SCHEMATIC_INTERFACE</id>
			<default>IO1.6</default>
		</attribute>
	</targetInstance>
	<targetInstance>
		<type>unit-gpio-generic</type>
		<id>io1-7</id>
		<attribute>
			<id>CHIP_UNIT</id>
			<default>15</default>
		</attribute>
		<attribute>
			<id>SCHEMATIC_INTERFACE</id>
			<default>IO1.7</default>
		</attribute>
	</targetInstance>


	<!-- PCIe cards -->
	<targetInstance>
		<type>chip-pcie-endpoint</type>
		<id>pci_endpoint</id>
		<child_id>pciep</child_id>
	</targetInstance>
	<targetInstance>
		<type>card-pciecard-card</type>
		<id>pciecard</id>
		<child_id>pciep</child_id>
	</targetInstance>
	<targetInstance>
		<type>card-pciecard-cablecard</type>
		<id>pciecablecard</id>
		<child_id>pciep</child_id>
	</targetInstance>
	<targetInstance>
		<type>unit-pcie-endpoint</type>
		<parent_id>chip-pcie-endpoint</parent_id>
		<id>pciep</id>
		<attribute>
			<id>CHIP_UNIT</id>
			<default>0</default>
		</attribute>
	</targetInstance>

	<!-- DIMMS -->
	<targetInstance>
		<type>lcard-dimm-jedec</type>
		<child_id>ddr3</child_id>
		<child_id>spd</child_id>
	</targetInstance>
	<targetInstance>
		<type>dimm-cdimm-cdimm</type>
		<child_id>dmi</child_id>
		<child_id>spd</child_id>
	</targetInstance>
	<targetInstance>
		<type>unit-ddr3-jedec</type>
		<id>ddr3</id>
		<attribute>
			<id>CHIP_UNIT</id>
			<default>0</default>
		</attribute>
	</targetInstance>

	<targetInstance>
		<type>unit-ddr3-jedec</type>
		<parent_id>dimm-cdimm-cdimm</parent_id>
		<id>ddr3</id>
		<attribute>
			<id>CHIP_UNIT</id>
			<default>0</default>
		</attribute>
	</targetInstance>
	<targetInstance>
		<type>unit-logic_assoc-generic</type>
		<id>vpd_assoc_child</id>
		<attribute>
			<id>CHIP_UNIT</id>
			<default>0</default>
		</attribute>
		<attribute>
			<id>ASSOCIATION_TYPE</id>
			<default>VPD</default>
		</attribute>
		<attribute>
			<id>DIRECTION</id>
			<default>IN</default>
		</attribute>
	</targetInstance>
	<targetInstance>
		<type>unit-logic_assoc-generic</type>
		<id>vpd_assoc_parent</id>
		<attribute>
			<id>CHIP_UNIT</id>
			<default>0</default>
		</attribute>
		<attribute>
			<id>ASSOCIATION_TYPE</id>
			<default>VPD</default>
		</attribute>
		<attribute>
			<id>DIRECTION</id>
			<default>OUT</default>
		</attribute>
	</targetInstance>
</targetInstances>
