<devices>
<device>
	<name>FW_Boot_Progress</name>
	<sensor_id>5</sensor_id>
	<entity_id>0x22</entity_id>
	<entity_instance>0x0</entity_instance>
</device>
<device>
	<name>OS_Boot</name>
	<sensor_id>7</sensor_id>
	<entity_id>0x23</entity_id>
	<entity_instance>0x0</entity_instance>
</device>
<device>
	<name>OCC_Active</name>
	<sensor_id>8</sensor_id>
	<entity_id>0x3</entity_id>
	<entity_instance>0x0</entity_instance>
</device>
<device>
	<name>CPU_Functioning</name>
	<sensor_id>3</sensor_id>
	<entity_id>0x3</entity_id>
	<entity_instance>0x0</entity_instance>
</device>
<device>
	<name>Host_Status</name>
	<sensor_id>4</sensor_id>
	<entity_id>0x23</entity_id>
	<entity_instance>0x0</entity_instance>
</device>
<device>
	<name>PCI</name>
	<sensor_id>6</sensor_id>
	<entity_id>0x23</entity_id>
	<entity_instance>0x0</entity_instance>
</device>
<device>
	<name>DIMM_Functioning</name>
	<sensor_id>1</sensor_id>
	<entity_id>0x20</entity_id>
	<entity_instance>0x0</entity_instance>
</device>
<device>
	<name>CPU_Core_Func</name>
	<sensor_id>2</sensor_id>
	<entity_id>0x3</entity_id>
	<entity_instance>0x0</entity_instance>
</device>
<device>
	<name>Power_Cap</name>
	<sensor_id>9</sensor_id>
	<entity_id>0x13</entity_id>
	<entity_instance>0x0</entity_instance>
</device>
</devices>
